Keyword,Layout,LoggingLibrary,ProjectInfo,SearchResult
FirebaseAnalytics,FirebaseAnalytics,Firebase,ivan-magda/Habito,['/ivan-magda/Habito/app/src/main/java/com/ivanmagda/habito/analytics/HabitoAnalytics.kt']
FirebaseAnalytics,FirebaseAnalytics,Firebase,chteuchteu/Munin-for-Android,['/chteuchteu_Munin-for-Android/muninforAndroid/src/main/java/com/chteuchteu/munin/MuninFoo.java']
FirebaseAnalytics,FirebaseAnalytics,Firebase,OneSignal/OneSignal-Android-SDK ,"['/one-signal_OneSignal-Android-SDK/OneSignalSDK/unittest/src/test/java/com/onesignal/ShadowFirebaseAnalytics.java', '/one-signal_OneSignal-Android-SDK/OneSignalSDK/onesignal/src/main/java/com/onesignal/OneSignalRemoteParams.java', '/one-signal_OneSignal-Android-SDK/OneSignalSDK/onesignal/src/main/java/com/onesignal/OneSignal.java', '/one-signal_OneSignal-Android-SDK/OneSignalSDK/onesignal/src/main/java/com/onesignal/TrackFirebaseAnalytics.java']"
FirebaseAnalytics,FirebaseAnalytics,Firebase,FrogSquare/GodotFireBase,['/FrogSquare_GodotFireBase/android_src/Analytics.java']
FirebaseAnalytics,FirebaseAnalytics,Firebase,Microsoft/AppCenter-SDK-Android,"['/Microsoft_AppCenter-SDK-Android/sdk/appcenter-push/proguard-rules.pro', '/Microsoft_AppCenter-SDK-Android/sdk/appcenter-push/src/test/java/com/microsoft/appcenter/push/PushTest.java', '/Microsoft_AppCenter-SDK-Android/sdk/appcenter-push/src/main/java/com/microsoft/appcenter/push/FirebaseUtils.java', '/Microsoft_AppCenter-SDK-Android/sdk/appcenter-push/src/main/java/com/microsoft/appcenter/push/Push.java', '/Microsoft_AppCenter-SDK-Android/apps/sasquatch/src/main/java/com/microsoft/appcenter/sasquatch/activities/SettingsActivity.java']"
FirebaseAnalytics,FirebaseAnalytics,Firebase,MGaetan89/ShowsRage,"['/MGaetan89_ShowsRage/app/build.gradle.kts', '/MGaetan89_ShowsRage/app/src/main/kotlin/com/mgaetan89/showsrage/activity/MainActivity.kt', '/MGaetan89_ShowsRage/app/src/main/kotlin/com/mgaetan89/showsrage/fragment/ShowsFragment.kt', '/MGaetan89_ShowsRage/app/src/main/kotlin/com/mgaetan89/showsrage/fragment/EpisodeDetailFragment.kt', '/MGaetan89_ShowsRage/buildSrc/src/main/kotlin/Dependencies.kt']"
FirebaseAnalytics,FirebaseAnalytics,Firebase,k0shk0sh/FastAccess,"['/k0shk0sh_FastAccess/app/src/main/java/com/fastaccess/provider/analytics/Analytics.java', '/k0shk0sh_FastAccess/app/src/main/java/com/fastaccess/App.java']"
FirebaseAnalytics,FirebaseAnalytics,Firebase,TomTasche/OpenDocument.droid,"['/TomTasche_OpenDocument.droid/app/src/main/java/at/tomtasche/reader/nonfree/BillingManager.java', '/TomTasche_OpenDocument.droid/app/src/main/java/at/tomtasche/reader/nonfree/AnalyticsManager.java', '/TomTasche_OpenDocument.droid/app/src/main/java/at/tomtasche/reader/background/FileLoader.java', '/TomTasche_OpenDocument.droid/app/src/main/java/at/tomtasche/reader/ui/activity/MainActivity.java', '/TomTasche_OpenDocument.droid/app/src/main/java/at/tomtasche/reader/ui/activity/DocumentFragment.java']"
FirebaseAnalytics,FirebaseAnalytics,Firebase,sajjadjaved01/iptv,['/sajjadjaved01_iptv/app/src/main/java/com/muparse/Login.kt']
FirebaseAnalytics,FirebaseAnalytics,Firebase,openremote/openremote,['/openremote_openremote/console/iOS/ORLib/ORLib.xcodeproj/project.pbxproj']
FirebaseAnalytics,FirebaseAnalytics,Firebase,Adventech/sabbath-school-android,['/Adventech_sabbath-school-android/app/src/main/java/com/cryart/sabbathschool/view/SSAboutActivity.java']
FirebaseAnalytics,FirebaseAnalytics,Firebase,SoftwareEngineeringDaily/SEDaily-Android,"['/SoftwareEngineeringDaily_SEDaily-Android/app/src/main/java/com/koalatea/thehollidayinn/softwareengineeringdaily/auth/LoginRegisterActivity.java', '/SoftwareEngineeringDaily_SEDaily-Android/app/src/main/java/com/koalatea/thehollidayinn/softwareengineeringdaily/analytics/AnalyticsFacadeImpl.java', '/SoftwareEngineeringDaily_SEDaily-Android/app/src/main/java/com/koalatea/thehollidayinn/softwareengineeringdaily/analytics/AnalyticsModule.java']"
FirebaseAnalytics,FirebaseAnalytics,Firebase,blockchain/My-Wallet-V3-Android,"['/blockchain_My-Wallet-V3-Android/notifications/src/test/java/com/blockchain/notifications/analytics/AnalyticsImplTest.kt', '/blockchain_My-Wallet-V3-Android/notifications/src/main/java/com/blockchain/notifications/koin/notificationModule.kt', '/blockchain_My-Wallet-V3-Android/notifications/src/main/java/com/blockchain/notifications/analytics/UserAnalyticsImpl.kt', '/blockchain_My-Wallet-V3-Android/notifications/src/main/java/com/blockchain/notifications/analytics/AnalyticsImpl.kt']"
FirebaseAnalytics,FirebaseAnalytics,Firebase,mozilla-tw/ScreenshotGo,['/mozilla-tw_ScreenshotGo/app/src/main/java/org/mozilla/scryer/telemetry/FirebaseEvent.kt']
FirebaseAnalytics,FirebaseAnalytics,Firebase,mozilla-tw/FirefoxLite,"['/mozilla-tw_FirefoxLite/app/src/main/java/org/mozilla/focus/telemetry/FirebaseEvent.java', '/mozilla-tw_FirefoxLite/firebase/src/main/java/org/mozilla/focus/utils/FirebaseImp.kt']"
FirebaseAnalytics,FirebaseAnalytics,Firebase,shusain93/Andromeda-iMessage,"['/shusain93_Andromeda-iMessage/app/src/main/java/eu/aero2x/andromedab/ContactSelect.java', '/shusain93_Andromeda-iMessage/app/src/main/java/eu/aero2x/andromedab/Conversation.java']"
FirebaseAnalytics,FirebaseAnalytics,Firebase,antest1/kcanotify,"['/antest1_kcanotify/app/src/main/java/com/antest1/kcanotify/KcaApplication.java', '/antest1_kcanotify/app/src/main/java/com/antest1/kcanotify/KcaUtils.java']"
FirebaseAnalytics,FirebaseAnalytics,Firebase,wbaumann/SmartReceiptsLibrary,"['/wbaumann_SmartReceiptsLibrary/analytics/src/notFloss/java/co/smartreceipts/analytics/FirebaseAnalytics.java', '/wbaumann_SmartReceiptsLibrary/analytics/src/notFloss/java/co/smartreceipts/analytics/AnalyticsProvider.kt']"
FirebaseAnalytics,FirebaseAnalytics,Firebase,ayltai/Newspaper,['/ayltai_Newspaper/app/src/main/java/com/github/ayltai/newspaper/MainApplication.java']
FirebaseAnalytics,FirebaseAnalytics,Firebase,rcgroot/open-gpstracker-ng,['/rcgroot_open-gpstracker-ng/studio/base/src/main/java/nl/sogeti/android/gpstracker/ng/base/common/BaseGpsTrackerApplication.kt']
FirebaseAnalytics,FirebaseAnalytics,Firebase,HabitRPG/habitica-android,"['/HabitRPG_habitica-android/Habitica/src/main/java/com/habitrpg/android/habitica/ui/fragments/AboutFragment.kt', '/HabitRPG_habitica-android/Habitica/src/main/java/com/habitrpg/android/habitica/ui/fragments/social/GuildFragment.kt', '/HabitRPG_habitica-android/Habitica/src/main/java/com/habitrpg/android/habitica/ui/fragments/social/NoPartyFragmentFragment.kt', '/HabitRPG_habitica-android/Habitica/src/main/java/com/habitrpg/android/habitica/ui/fragments/inventory/shops/ShopsFragment.kt', '/HabitRPG_habitica-android/Habitica/src/main/java/com/habitrpg/android/habitica/ui/activities/MainActivity.kt', '/HabitRPG_habitica-android/Habitica/src/main/java/com/habitrpg/android/habitica/ui/views/insufficientCurrency/InsufficientGemsDialog.kt', '/HabitRPG_habitica-android/Habitica/src/main/java/com/habitrpg/android/habitica/HabiticaPurchaseVerifier.java', '/HabitRPG_habitica-android/Habitica/src/main/java/com/habitrpg/android/habitica/HabiticaBaseApplication.kt']"
FirebaseAnalytics,FirebaseAnalytics,Firebase,Phantast/smartnavi,"['/Phantast_smartnavi/smartnaviapp/src/main/java/com/ilm/sandwich/fragments/RatingFragment.java', '/Phantast_smartnavi/smartnaviapp/src/main/java/com/ilm/sandwich/fragments/TutorialFragment.java', '/Phantast_smartnavi/smartnaviapp/src/main/java/com/ilm/sandwich/Info.java', '/Phantast_smartnavi/smartnaviapp/src/main/java/com/ilm/sandwich/Webview.java', '/Phantast_smartnavi/smartnaviapp/src/main/java/com/ilm/sandwich/BackgroundService.java', '/Phantast_smartnavi/smartnaviapp/src/main/java/com/ilm/sandwich/Settings.java', '/Phantast_smartnavi/smartnaviapp/src/main/java/com/ilm/sandwich/GoogleMap.java', '/Phantast_smartnavi/smartnaviapp/src/main/java/com/ilm/sandwich/Splashscreen.java']"
FirebaseAnalytics,FirebaseAnalytics,Firebase,DreierF/MyTargets,"['/DreierF_MyTargets/app/src/main/java/de/dreier/mytargets/base/fragments/EditableListFragmentBase.kt', '/DreierF_MyTargets/app/src/main/java/de/dreier/mytargets/base/activities/ChildActivityBase.kt']"
FirebaseAnalytics,FirebaseAnalytics,Firebase,malmstein/yahnac,"['/malmstein_yahnac/app/src/main/java/com/malmstein/yahnac/injection/DefaultDependenciesFactory.java', '/malmstein_yahnac/app/src/main/java/com/malmstein/yahnac/analytics/FirebaseAnalytics.java', '/malmstein_yahnac/app/src/main/java/com/malmstein/yahnac/analytics/UsageAnalytics.java']"
FirebaseAnalytics,FirebaseAnalytics,Firebase,chinhodado/ygodb,['/chinhodado_ygodb/ygodb-module/src/main/java/com/chin/ygodb/activity/CardDetailActivity.java']
FirebaseAnalytics,FirebaseAnalytics,Firebase,jeisfeld/Augendiagnose,['/jeisfeld_Augendiagnose/AugendiagnoseIdea/augendiagnoseLib/src/main/java/de/jeisfeld/augendiagnoselib/util/TrackingUtil.java']
FirebaseAnalytics,FirebaseAnalytics,Firebase,Bridouille/android-beacon-scanner,"['/Bridouille_android-beacon-scanner/app/src/main/java/com/bridou_n/beaconscanner/dagger/AnalyticsModule.kt', '/Bridouille_android-beacon-scanner/app/src/main/java/com/bridou_n/beaconscanner/features/settings/SettingsActivity.kt', '/Bridouille_android-beacon-scanner/app/src/main/java/com/bridou_n/beaconscanner/features/beaconList/BeaconListActivity.kt', '/Bridouille_android-beacon-scanner/app/src/main/java/com/bridou_n/beaconscanner/utils/extensionFunctions/FirebaseAnalytics.kt', '/Bridouille_android-beacon-scanner/app/src/main/java/com/bridou_n/beaconscanner/AppSingleton.kt']"
FirebaseAnalytics,FirebaseAnalytics,Firebase,marcovann/Firebase-Chat-Demo,"['/marcovann_Firebase-Chat-Demo/app/src/main/java/com/myprojects/marco/firechat/navigation/AndroidMainNavigator.java', '/marcovann_Firebase-Chat-Demo/app/src/main/java/com/myprojects/marco/firechat/Dependencies.java', '/marcovann_Firebase-Chat-Demo/app/src/main/java/com/myprojects/marco/firechat/analytics/FirebaseAnalyticsAnalytics.java']"
FirebaseAnalytics,FirebaseAnalytics,Firebase,google/iosched,['/google_iosched/mobile/src/main/java/com/google/samples/apps/iosched/util/FirebaseAnalyticsHelper.kt']
FirebaseAnalytics,FirebaseAnalytics,Firebase,tasomaniac/OpenLinkWith,"['/tasomaniac_OpenLinkWith/app/src/play/java/com/tasomaniac/openwith/FirebaseAnalytics.kt', '/tasomaniac_OpenLinkWith/app/src/play/java/com/tasomaniac/openwith/AnalyticsModule.java']"
FirebaseAnalytics,FirebaseAnalytics,Firebase,bookdash/bookdash-android-app,"['/bookdash_bookdash-android-app/app/src/prod/java/org/bookdash/android/Injection.java', '/bookdash_bookdash-android-app/app/src/qa/java/org/bookdash/android/Injection.java', '/bookdash_bookdash-android-app/app/src/main/java/org/bookdash/android/BookDashApplication.java', '/bookdash_bookdash-android-app/app/src/main/java/org/bookdash/android/data/tracking/BookDashFirebaseAnalytics.java']"
FirebaseAnalytics,FirebaseAnalytics,Firebase,wcomartin/PlexPy-Remote,['/wcomartin_PlexPy-Remote/PlexPy Remote/src/main/java/com/williamcomartin/plexpyremote/AppBaseActivity.java']
FirebaseAnalytics,FirebaseAnalytics,Firebase,DSteve595/Put.io,['/DSteve595_Put.io/app/src/main/java/com/stevenschoen/putionew/Analytics.kt']
FirebaseAnalytics,FirebaseAnalytics,Firebase,NasaGeek/utexas-utilities,"['/NasaGeek_utexas-utilities/app/src/main/java/com/nasageek/utexasutilities/fragments/UTilitiesPreferenceFragment.java', '/NasaGeek_utexas-utilities/app/src/main/java/com/nasageek/utexasutilities/activities/BaseActivity.java', '/NasaGeek_utexas-utilities/app/src/main/java/com/nasageek/utexasutilities/AnalyticsHandler.java']"
FirebaseAnalytics,FirebaseAnalytics,Firebase,vpaliy/Melophile,['/vpaliyX_Melophile/app/src/main/java/com/vpaliy/melophile/ui/auth/AuthActivity.java']
FirebaseAnalytics,FirebaseAnalytics,Firebase,NineWorlds/serenity-android,"['/NineWorlds_serenity-android/serenity-app/src/test/java/us/nineworlds/serenity/TestSerenityApplication.java', '/NineWorlds_serenity-android/serenity-app/src/main/java/us/nineworlds/serenity/ui/activity/SerenityActivity.java', '/NineWorlds_serenity-android/serenity-app/src/main/java/us/nineworlds/serenity/SerenityApplication.java', '/NineWorlds_serenity-android/serenity-app/src/main/kotlin/us/nineworlds/serenity/ui/activity/ServerSelectionActivity.kt']"
FirebaseAnalytics,FirebaseAnalytics,Firebase,firebase/quickstart-android,"['/firebase_quickstart-android/inappmessaging/app/src/main/java/com/google/firebase/fiamquickstart/java/MainActivity.java', '/firebase_quickstart-android/inappmessaging/app/src/main/java/com/google/firebase/fiamquickstart/kotlin/KotlinMainActivity.kt', '/firebase_quickstart-android/analytics/app/src/main/java/com/google/firebase/quickstart/analytics/java/MainActivity.java', '/firebase_quickstart-android/analytics/app/src/main/java/com/google/firebase/quickstart/analytics/kotlin/MainActivity.kt']"
FirebaseAnalytics,FirebaseAnalytics,Firebase,react-native-community/react-native-camera,['/react-native-community_react-native-camera/examples/mlkit/ios/Podfile.lock']
FirebaseAnalytics,FirebaseAnalytics,Firebase,mopsalarm/Pr0,['/mopsalarm_Pr0/app/src/main/java/com/pr0gramm/app/services/Track.kt']
FirebaseAnalytics,FirebaseAnalytics,Firebase,romannurik/muzei,"['/romannurik_muzei/wearable/src/main/java/com/google/android/apps/muzei/complications/ArtworkComplicationProviderService.kt', '/romannurik_muzei/wearable/src/main/java/com/google/android/apps/muzei/MuzeiCommandItem.kt', '/romannurik_muzei/wearable/src/main/java/com/google/android/apps/muzei/ChooseProviderActivity.kt', '/romannurik_muzei/legacy-standalone/src/main/java/com/google/android/apps/muzei/legacy/SourceSettingsActivity.kt', '/romannurik_muzei/main/src/main/java/com/google/android/apps/muzei/PhotoSetAsTargetActivity.kt', '/romannurik_muzei/main/src/main/java/com/google/android/apps/muzei/NextArtworkActivity.kt', '/romannurik_muzei/main/src/main/java/com/google/android/apps/muzei/widget/MuzeiAppWidgetProvider.kt', '/romannurik_muzei/main/src/main/java/com/google/android/apps/muzei/ArtDetailFragment.kt', '/romannurik_muzei/main/src/main/java/com/google/android/apps/muzei/ChooseProviderFragment.kt', '/romannurik_muzei/main/src/main/java/com/google/android/apps/muzei/legacy/LegacySourceInfoFragment.kt', '/romannurik_muzei/main/src/main/java/com/google/android/apps/muzei/TutorialFragment.kt', '/romannurik_muzei/main/src/main/java/com/google/android/apps/muzei/MuzeiWallpaperService.kt', '/romannurik_muzei/main/src/main/java/com/google/android/apps/muzei/quicksettings/NextArtworkTileService.kt', '/romannurik_muzei/main/src/main/java/com/google/android/apps/muzei/ArtworkInfoRedirectActivity.kt', '/romannurik_muzei/main/src/main/java/com/google/android/apps/muzei/MuzeiActivity.kt', '/romannurik_muzei/main/src/main/java/com/google/android/apps/muzei/browse/BrowseProviderFragment.kt', '/romannurik_muzei/main/src/main/java/com/google/android/apps/muzei/IntroFragment.kt', '/romannurik_muzei/main/src/main/java/com/google/android/apps/muzei/AutoAdvanceFragment.kt', '/romannurik_muzei/main/src/main/java/com/google/android/apps/muzei/notifications/NewWallpaperNotificationReceiver.kt', '/romannurik_muzei/main/src/main/java/com/google/android/apps/muzei/tasker/TaskerActionReceiver.kt']"
FirebaseAnalytics,FirebaseAnalytics,Firebase,firebase/analytics-webview,"['/firebase_analytics-webview/ios/swift/FirebaseAnalyticsWeb/ViewController.swift', '/firebase_analytics-webview/ios/swift/FirebaseAnalyticsWeb/AppDelegate.swift', '/firebase_analytics-webview/ios/objc/FirebaseAnalyticsWeb/ViewController.m', '/firebase_analytics-webview/ios/objc/FirebaseAnalyticsWeb/AppDelegate.m', '/firebase_analytics-webview/android/app/src/main/java/com/google/firebase/quickstart/analytics/webview/AnalyticsWebInterface.java']"
FirebaseAnalytics,FirebaseAnalytics,Firebase,squanchy-dev/squanchy-android,"['/squanchy-dev_squanchy-android/app/src/main/java/net/squanchy/analytics/EnabledAnalytics.kt', '/squanchy-dev_squanchy-android/app/src/main/java/net/squanchy/analytics/AnalyticsModule.kt']"
FirebaseAnalytics,FirebaseAnalytics,Firebase,evercam/evercam-android,"['/evercam_evercam-android/evercamPlay/src/main/java/io/evercam/androidapp/video/VideoActivity.java', '/evercam_evercam-android/evercamPlay/src/main/java/io/evercam/androidapp/tasks/AddCameraTask.java', '/evercam_evercam-android/evercamPlay/src/main/java/io/evercam/androidapp/SignUpActivity.java', '/evercam_evercam-android/evercamPlay/src/main/java/io/evercam/androidapp/CamerasActivity.java']"
FirebaseAnalytics,FirebaseAnalytics,Firebase,foobnix/LibreraReader,"['/foobnix_LibreraReader/app/src/main/java/org/ebookdroid/ui/viewer/VerticalViewActivity.java', '/foobnix_LibreraReader/app/src/main/java/com/foobnix/ui2/MainTabs2.java', '/foobnix_LibreraReader/app/src/main/java/com/foobnix/pdf/search/activity/HorizontalViewActivity.java']"
FirebaseAnalytics,FirebaseAnalytics,Firebase,freshplanet/ANE-Push-Notification,"['/freshplanet_ANE-Push-Notification/ios/AirPushNotification.xcodeproj/project.pbxproj', '/freshplanet_ANE-Push-Notification/ios/AirPushNotification/AirPushNotification.m', '/freshplanet_ANE-Push-Notification/ios/Pods/Pods.xcodeproj/project.pbxproj', '/freshplanet_ANE-Push-Notification/ios/Pods/Target Support Files/Pods-AirPushNotification/Pods-AirPushNotification-acknowledgements.plist', '/freshplanet_ANE-Push-Notification/ios/Pods/Target Support Files/Pods-AirPushNotification/Pods-AirPushNotification-acknowledgements.markdown', '/freshplanet_ANE-Push-Notification/ios/Pods/Target Support Files/Pods-AirPushNotification/Pods-AirPushNotification.release.xcconfig', '/freshplanet_ANE-Push-Notification/ios/Pods/Target Support Files/Pods-AirPushNotification/Pods-AirPushNotification.debug.xcconfig', '/freshplanet_ANE-Push-Notification/ios/Pods/Manifest.lock', '/freshplanet_ANE-Push-Notification/ios/Podfile.lock', '/freshplanet_ANE-Push-Notification/build/platform-ios.xml']"
FirebaseAnalytics,FirebaseAnalytics,Firebase,jeffdcamp/android-template,"['/jeffdcamp_android-template/app/src/main/kotlin/org/jdc/template/inject/AppModule.kt', '/jeffdcamp_android-template/app/src/main/kotlin/org/jdc/template/Analytics.kt']"
FirebaseAnalytics,FirebaseAnalytics,Firebase,lolevsky/Android-Clean-Architecture,"['/lolevsky_Android-Clean-Architecture/data/src/main/java/me/lolevsky/nasaplanetary/data/tracking/Tracking.java', '/lolevsky_Android-Clean-Architecture/presentation/src/main/java/me/lolevsky/nasaplanetary/di/DataModule.java']"
FirebaseAnalytics,FirebaseAnalytics,Firebase,BreadKid/SearchItem,['/BreadKid_SearchItem/app/src/main/java/com/breadykid/searchitem/MainActivity.java']
FirebaseAnalytics,FirebaseAnalytics,Firebase,oasisfeng/island,"['/oasisfeng_island/shared/src/main/java/com/oasisfeng/island/analytics/AnalyticsImpl.java', '/oasisfeng_island/shared/src/main/java/com/oasisfeng/island/analytics/Analytics.java']"
FirebaseAnalytics,FirebaseAnalytics,Firebase,futurice/freesound-android,"['/futurice_freesound-android/app/src/main/java/com/futurice/freesound/feature/analytics/FirebaseAnalytics.kt', '/futurice_freesound-android/app/src/main/java/com/futurice/freesound/feature/analytics/AnalyticsModule.kt']"
FirebaseAnalytics,FirebaseAnalytics,Firebase,traccar/traccar-manager-android,['/traccar_traccar-manager-android/app/src/google/java/org/traccar/manager/GoogleMainApplication.java']
FirebaseAnalytics,FirebaseAnalytics,Firebase,ItsCalebJones/SpaceLaunchNow-Android,"['/ItsCalebJones_SpaceLaunchNow-Android/versions.gradle', '/ItsCalebJones_SpaceLaunchNow-Android/common/build.gradle', '/ItsCalebJones_SpaceLaunchNow-Android/common/src/main/java/me/calebjones/spacelaunchnow/common/ui/supporter/SupporterActivity.java', '/ItsCalebJones_SpaceLaunchNow-Android/common/src/main/java/me/calebjones/spacelaunchnow/common/base/BaseFragment.java', '/ItsCalebJones_SpaceLaunchNow-Android/common/src/main/java/me/calebjones/spacelaunchnow/common/base/BaseActivity.kt', '/ItsCalebJones_SpaceLaunchNow-Android/mobile/build.gradle', '/ItsCalebJones_SpaceLaunchNow-Android/mobile/src/main/java/me/calebjones/spacelaunchnow/ui/main/MainActivity.java', '/ItsCalebJones_SpaceLaunchNow-Android/mobile/src/main/java/me/calebjones/spacelaunchnow/utils/analytics/Analytics.java']"
FirebaseAnalytics,FirebaseAnalytics,Firebase,FirebaseExtended/custom-auth-samples,['/FirebaseExtended_custom-auth-samples/Line/iOS/LINELoginDemo/Podfile.lock']
FirebaseAnalytics,FirebaseAnalytics,Firebase,Jigsaw-Code/intra,['/Jigsaw-Code_intra/Android/app/src/main/java/app/intra/sys/firebase/AnalyticsWrapper.java']
FirebaseAnalytics,FirebaseAnalytics,Firebase,andyb129/FlipsideCamera,['/andyb129_FlipsideCamera/app/src/main/java/com/sixteenplusfour/android/flipsidecamera/ui/MainActivity.java']
FirebaseAnalytics,FirebaseAnalytics,Firebase,tananaev/traccar-manager-android,['/tananaev_traccar-manager-android/app/src/google/java/org/traccar/manager/GoogleMainApplication.java']
FirebaseAnalytics,FirebaseAnalytics,Firebase,Ashish-Bansal/OneTapVideoDownload,"['/Ashish-Bansal_OneTapVideoDownload/app/src/main/java/com/phantom/onetapvideodownload/ui/domainblacklist/BlacklistDomainActivity.java', '/Ashish-Bansal_OneTapVideoDownload/app/src/main/java/com/phantom/onetapvideodownload/ui/urllog/UrlLogActivity.java', '/Ashish-Bansal_OneTapVideoDownload/app/src/main/java/com/phantom/onetapvideodownload/ui/MainActivity.java']"
FirebaseAnalytics,FirebaseAnalytics,Firebase,firebase/firebase-android-sdk,"['/firebase_firebase-android-sdk/firebase-dynamic-links/src/main/java/com/google/firebase/dynamiclinks/internal/FirebaseDynamicLinksImpl.java', '/firebase_firebase-android-sdk/firebase-dynamic-links/src/main/java/com/google/firebase/dynamiclinks/FirebaseDynamicLinks.java', '/firebase_firebase-android-sdk/fiamui-app/src/main/java/com/example/firebase/fiamui/MainActivity.java']"
FirebaseAnalytics,FirebaseAnalytics,Firebase,OneBusAway/onebusaway-android,"['/OneBusAway_onebusaway-android/onebusaway-android/src/amazon/java/org/onebusaway/android/map/googlemapsv2/bike/BikeStationOverlay.java', '/OneBusAway_onebusaway-android/onebusaway-android/src/amazon/java/org/onebusaway/android/map/googlemapsv2/BaseMapFragment.java', '/OneBusAway_onebusaway-android/onebusaway-android/src/google/java/org/onebusaway/android/map/googlemapsv2/bike/BikeStationOverlay.java', '/OneBusAway_onebusaway-android/onebusaway-android/src/google/java/org/onebusaway/android/map/googlemapsv2/BaseMapFragment.java', '/OneBusAway_onebusaway-android/onebusaway-android/src/main/java/org/onebusaway/android/ui/ArrivalsListFragment.java', '/OneBusAway_onebusaway-android/onebusaway-android/src/main/java/org/onebusaway/android/ui/TripPlanActivity.java', '/OneBusAway_onebusaway-android/onebusaway-android/src/main/java/org/onebusaway/android/ui/RegionsFragment.java', '/OneBusAway_onebusaway-android/onebusaway-android/src/main/java/org/onebusaway/android/ui/ArrivalsListAdapterStyleB.java', '/OneBusAway_onebusaway-android/onebusaway-android/src/main/java/org/onebusaway/android/ui/MyStarredStopsFragment.java', '/OneBusAway_onebusaway-android/onebusaway-android/src/main/java/org/onebusaway/android/ui/ArrivalsListHeader.java', '/OneBusAway_onebusaway-android/onebusaway-android/src/main/java/org/onebusaway/android/ui/PreferencesActivity.java', '/OneBusAway_onebusaway-android/onebusaway-android/src/main/java/org/onebusaway/android/ui/TripDetailsListFragment.java', '/OneBusAway_onebusaway-android/onebusaway-android/src/main/java/org/onebusaway/android/ui/MyRemindersFragment.java', '/OneBusAway_onebusaway-android/onebusaway-android/src/main/java/org/onebusaway/android/ui/FeedbackActivity.java', '/OneBusAway_onebusaway-android/onebusaway-android/src/main/java/org/onebusaway/android/ui/HomeActivity.java', '/OneBusAway_onebusaway-android/onebusaway-android/src/main/java/org/onebusaway/android/ui/TripPlanFragment.java', '/OneBusAway_onebusaway-android/onebusaway-android/src/main/java/org/onebusaway/android/ui/SearchActivity.java', '/OneBusAway_onebusaway-android/onebusaway-android/src/main/java/org/onebusaway/android/app/Application.java', '/OneBusAway_onebusaway-android/onebusaway-android/src/main/java/org/onebusaway/android/util/BackupUtils.java', '/OneBusAway_onebusaway-android/onebusaway-android/src/main/java/org/onebusaway/android/util/UIUtils.java', '/OneBusAway_onebusaway-android/onebusaway-android/src/main/java/org/onebusaway/android/io/ObaAnalytics.java', '/OneBusAway_onebusaway-android/onebusaway-android/src/main/java/org/onebusaway/android/provider/ObaContract.java', '/OneBusAway_onebusaway-android/onebusaway-android/src/main/java/org/onebusaway/android/travelbehavior/TravelBehaviorManager.java', '/OneBusAway_onebusaway-android/onebusaway-android/src/main/java/org/onebusaway/android/region/ObaRegionsTask.java', '/OneBusAway_onebusaway-android/onebusaway-android/src/main/java/org/onebusaway/android/report/ui/dialog/CustomerServiceDialog.java', '/OneBusAway_onebusaway-android/onebusaway-android/src/main/java/org/onebusaway/android/report/ui/Open311ProblemFragment.java', '/OneBusAway_onebusaway-android/onebusaway-android/src/main/java/org/onebusaway/android/report/ui/ReportTypeListFragment.java', '/OneBusAway_onebusaway-android/onebusaway-android/src/main/java/org/onebusaway/android/report/ui/ReportProblemFragmentBase.java', '/OneBusAway_onebusaway-android/onebusaway-android/src/main/java/org/onebusaway/android/nav/NavigationService.java', '/OneBusAway_onebusaway-android/onebusaway-android/src/main/java/org/onebusaway/android/nav/NavigationServiceProvider.java', '/OneBusAway_onebusaway-android/onebusaway-android/src/main/java/org/onebusaway/android/nav/NavigationUploadWorker.java', '/OneBusAway_onebusaway-android/onebusaway-android/src/main/java/org/onebusaway/android/nav/FeedbackReceiver.java']"
FirebaseAnalytics,FirebaseAnalytics,Firebase,OlgaKuklina/GitJourney,"['/OlgaKuklina_GitJourney/app/src/main/java/com/oklab/gitjourney/asynctasks/RepoContentLoader.java', '/OlgaKuklina_GitJourney/app/src/main/java/com/oklab/gitjourney/adapters/FirebaseAnalyticsWrapper.java', '/OlgaKuklina_GitJourney/app/src/main/java/com/oklab/gitjourney/activities/MainActivity.java', '/OlgaKuklina_GitJourney/app/src/main/java/com/oklab/gitjourney/activities/GeneralActivity.java', '/OlgaKuklina_GitJourney/app/src/main/java/com/oklab/gitjourney/data/UpdaterService.java']"
FirebaseAnalytics,FirebaseAnalytics,Firebase,1hakr/AnExplorer,['/1hakr_AnExplorer/app/src/free/java/dev/dworks/apps/anexplorer/misc/AnalyticsManager.java']
FirebaseAnalytics,FirebaseAnalytics,Firebase,RocketChat/Rocket.Chat.Android,"['/RocketChat_Rocket.Chat.Android/app/build.gradle', '/RocketChat_Rocket.Chat.Android/app/src/play/java/chat/rocket/android/analytics/GoogleAnalyticsForFirebase.kt', '/RocketChat_Rocket.Chat.Android/dependencies.gradle']"
FirebaseAnalytics,FirebaseAnalytics,Firebase,PDDStudio/OTGSubs,"['/PDDStudio_OTGSubs/app/src/main/java/com/pddstudio/otgsubs/OTGSubsApplication.java', '/PDDStudio_OTGSubs/app/src/main/java/com/pddstudio/otgsubs/utils/DeviceUtils.java']"
FirebaseAnalytics,FirebaseAnalytics,Firebase,GLodi/GitNav,['/GLodi_GitNav/app/src/main/java/giuliolodi/gitnav/App.kt']
FirebaseAnalytics,FirebaseAnalytics,Firebase,spongebobrf/BookdashAndroidApp,"['/spongebobrf_BookdashAndroidApp/app/src/prod/java/org/bookdash/android/Injection.java', '/spongebobrf_BookdashAndroidApp/app/src/qa/java/org/bookdash/android/Injection.java', '/spongebobrf_BookdashAndroidApp/app/src/main/java/org/bookdash/android/BookDashApplication.java', '/spongebobrf_BookdashAndroidApp/app/src/main/java/org/bookdash/android/data/tracking/BookDashFirebaseAnalytics.java']"
FirebaseAnalytics,FirebaseAnalytics,Firebase,edx/edx-app-android,"['/edx_edx-app-android/OpenEdXMobile/src/main/java/org/edx/mobile/module/analytics/FirebaseAnalytics.java', '/edx_edx-app-android/OpenEdXMobile/src/main/java/org/edx/mobile/base/MainApplication.java']"
FirebaseAnalytics,FirebaseAnalytics,Firebase,xdtianyu/CallerInfo,['/xdtianyu_CallerInfo/app/src/main/java/org/xdty/callerinfo/application/Application.java']
FirebaseAnalytics,FirebaseAnalytics,Firebase,jinkg/Style,['/jinkg_Style/presentation/src/main/java/com/yalin/style/analytics/Analytics.kt']
FirebaseAnalytics,FirebaseAnalytics,Firebase,yukuku/androidbible,"['/yukuku_androidbible/Alkitab/src/main/java/yuku/alkitab/songs/SongViewActivity.kt', '/yukuku_androidbible/Alkitab/src/main/java/yuku/alkitab/tracking/Tracker.kt', '/yukuku_androidbible/Alkitab/src/main/java/yuku/alkitab/base/ac/DevotionActivity.java', '/yukuku_androidbible/Alkitab/src/main/java/yuku/alkitab/base/IsiActivity.kt', '/yukuku_androidbible/Alkitab/src/main/java/yuku/alkitab/base/sync/SyncRecorder.java']"
FirebaseAnalytics,FirebaseAnalytics,Firebase,thekirankumar/carstream-android-auto,['/thekirankumar_carstream-android-auto/app/src/main/java/com/thekirankumar/youtubeauto/fragments/WebViewCarFragment.java']
FirebaseAnalytics,FirebaseAnalytics,Firebase,rsiebert/TVHClient,['/rsiebert_TVHClient/app/src/main/java/org/tvheadend/tvhclient/MainApplication.kt']
FirebaseAnalytics,FirebaseAnalytics,Firebase,Aefyr/SAI,['/Aefyr_SAI/app/src/normal/java/com/aefyr/sai/firebase/Firebase.java']
FirebaseAnalytics,FirebaseAnalytics,Firebase,klinker24/talon-twitter-material,['/klinker24_talon-twitter-material/app/src/main/java/com/klinker/android/twitter_l/utils/AnalyticsHelper.java']
FirebaseAnalytics,FirebaseAnalytics,Firebase,harismuneer/Wanderlust-The-Travellers-App,"['/harismuneer_Wanderlust-The-Travellers-App/app/src/main/java/com/project/wanderlust/Activities/ActivityExtra.java', '/harismuneer_Wanderlust-The-Travellers-App/app/src/main/java/com/project/wanderlust/Activities/ActivityRegisterPhoneNumber.java']"
FirebaseAnalytics,FirebaseAnalytics,Firebase,HearthSim/arcane_tracker,"['/HearthSim_arcane_tracker/app/src/main/kotlin/net/mbonnin/arcanetracker/ArcaneTrackerAnalytics.kt', '/HearthSim_arcane_tracker/app/src/main/kotlin/net/mbonnin/arcanetracker/ArcaneTrackerApplication.kt']"
FirebaseAnalytics,FirebaseAnalytics,Firebase,qpython-android/qpython,"['/qpython-android_qpython/qpython/src/ol/java/org/qpython/qpy/main/activity/BaseActivity.java', '/qpython-android_qpython/qpython/src/os/java/org/qpython/qpy/main/activity/BaseActivity.java']"
FirebaseAnalytics,FirebaseAnalytics,Firebase,mozilla-tw/Rocket,"['/mozilla-tw_Rocket/app/src/main/java/org/mozilla/focus/telemetry/FirebaseEvent.java', '/mozilla-tw_Rocket/firebase/src/main/java/org/mozilla/focus/utils/FirebaseImp.kt']"
FirebaseAnalytics,FirebaseAnalytics,Firebase,plusCubed/velociraptor,['/plusCubed_velociraptor/app/src/main/java/com/pluscubed/velociraptor/api/osm/OsmLimitProvider.kt']
FirebaseAnalytics,FirebaseAnalytics,Firebase,b-lam/Resplash,"['/b-lam_Resplash/app/src/main/java/com/b_lam/resplash/activities/DonateActivity.java', '/b-lam_Resplash/app/src/main/java/com/b_lam/resplash/activities/AutoWallpaperActivity.java', '/b-lam_Resplash/app/src/main/java/com/b_lam/resplash/activities/DetailActivity.java', '/b-lam_Resplash/app/src/main/java/com/b_lam/resplash/activities/AboutActivity.java', '/b-lam_Resplash/app/src/main/java/com/b_lam/resplash/activities/LoginActivity.java', '/b-lam_Resplash/app/src/main/java/com/b_lam/resplash/activities/SettingsActivity.java']"
FirebaseAnalytics,FirebaseAnalytics,Firebase,klinker24/talon-for-twitter-android,['/klinker24_talon-for-twitter-android/app/src/main/java/com/klinker/android/twitter_l/utils/AnalyticsHelper.java']
FirebaseAnalytics,FirebaseAnalytics,Firebase,k0shk0sh/Fast-Access-Floating-Toolbox-,"['/k0shk0sh_Fast-Access-Floating-Toolbox-/app/src/main/java/com/fastaccess/provider/analytics/Analytics.java', '/k0shk0sh_Fast-Access-Floating-Toolbox-/app/src/main/java/com/fastaccess/App.java']"
FirebaseAnalytics,FirebaseAnalytics,Firebase,seven332/EhViewer,"['/seven332_EhViewer/app/src/main/java/com/hippo/ehviewer/ui/EhPreferenceActivity.java', '/seven332_EhViewer/app/src/main/java/com/hippo/ehviewer/ui/EhActivity.java', '/seven332_EhViewer/app/src/main/java/com/hippo/ehviewer/Analytics.java']"
FirebaseAnalytics,FirebaseAnalytics,Firebase,jruesga/rview,['/jruesga_rview/app/src/gms/java/com/ruesga/rview/analytics/AnalyticsManagerImpl.java']
FirebaseAnalytics,FirebaseAnalytics,Firebase,xiprox/WaniKani-for-Android,['/xiprox_WaniKani-for-Android/WaniKani/src/tr/xip/wanikani/app/activity/DonationsActivity.java']
FirebaseAnalytics,FirebaseAnalytics,Firebase,ashdavies/eternity,"['/ashdavies_eternity/mobile/src/main/java/io/ashdavies/eternity/chat/MessageReporting.java', '/ashdavies_eternity/mobile/src/main/java/io/ashdavies/eternity/chat/ChatActivity.java', '/ashdavies_eternity/mobile/src/main/java/io/ashdavies/eternity/firebase/FirebaseReporting.java']"
FirebaseAnalytics,FirebaseAnalytics,Firebase,gitskarios/Gitskarios,['/gitskarios_Gitskarios/app/src/main/java/com/alorma/github/GitskariosApplication.java']
FirebaseAnalytics,FirebaseAnalytics,Firebase,googlesamples/android-instant-apps,"['/googlesamples_android-instant-apps/analytics/app/src/main/java/com/example/android/instant/analytics/MainActivity.java', '/googlesamples_android-instant-apps/analytics/proguard.pro']"
FirebaseAnalytics,FirebaseAnalytics,Firebase,marcolivierarsenault/PolarHeartRateApplication,['/marcolivierarsenault_PolarHeartRateApplication/app/src/main/java/org/marco45/polarheartmonitor/MainActivity.java']
FirebaseAnalytics,FirebaseAnalytics,Firebase,RocketChat/Rocket.Chat.Android.Lily,"['/RocketChat_Rocket.Chat.Android.Lily/app/build.gradle', '/RocketChat_Rocket.Chat.Android.Lily/app/src/play/java/chat/rocket/android/analytics/GoogleAnalyticsForFirebase.kt', '/RocketChat_Rocket.Chat.Android.Lily/dependencies.gradle']"
FirebaseAnalytics,FirebaseAnalytics,Firebase,tananaev/traccar-client-android,['/tananaev_traccar-client-android/app/src/google/java/org/traccar/client/GoogleMainApplication.java']
FirebaseAnalytics,FirebaseAnalytics,Firebase,alexstyl/Memento-Calendar,"['/alexstyl_Memento-Calendar/android_mobile/src/main/java/com/alexstyl/specialdates/analytics/AnalyticsModule.kt', '/alexstyl_Memento-Calendar/android_mobile/src/main/java/com/alexstyl/specialdates/analytics/FirebaseAnalyticsImpl.kt']"
FirebaseAnalytics,FirebaseAnalytics,Firebase,googlecreativelab/justaline-android,['/googlecreativelab_justaline-android/app/src/main/java/com/arexperiments/justaline/analytics/Fa.java']
FirebaseAnalytics,FirebaseAnalytics,Firebase,evollu/react-native-firebase-analytics,"['/evollu_react-native-firebase-analytics/ios/RNFIRAnalytics.m', '/evollu_react-native-firebase-analytics/README.md', '/evollu_react-native-firebase-analytics/android/src/main/java/com/evollu/react/fa/FIRAnalyticsModule.java']"
FirebaseAnalytics,FirebaseAnalytics,Firebase,ItsCalebJones/SpaceLaunchNow-Android,"['/caman9119_SpaceLaunchNow/versions.gradle', '/caman9119_SpaceLaunchNow/common/build.gradle', '/caman9119_SpaceLaunchNow/common/src/main/java/me/calebjones/spacelaunchnow/common/ui/supporter/SupporterActivity.java', '/caman9119_SpaceLaunchNow/common/src/main/java/me/calebjones/spacelaunchnow/common/base/BaseFragment.java', '/caman9119_SpaceLaunchNow/common/src/main/java/me/calebjones/spacelaunchnow/common/base/BaseActivity.kt', '/caman9119_SpaceLaunchNow/mobile/build.gradle', '/caman9119_SpaceLaunchNow/mobile/src/main/java/me/calebjones/spacelaunchnow/ui/main/MainActivity.java', '/caman9119_SpaceLaunchNow/mobile/src/main/java/me/calebjones/spacelaunchnow/utils/analytics/Analytics.java']"
FirebaseAnalytics,FirebaseAnalytics,Firebase,avluis/Hentoid,['/AVnetWS_Hentoid/app/src/main/java/me/devsaki/hentoid/HentoidApp.java']
FirebaseAnalytics,FirebaseAnalytics,Firebase,AniTrend/anitrend-app,['/AniTrend_anitrend-app/app/src/main/java/com/mxt/anitrend/analytics/AnalyticsLogging.kt']
FirebaseAnalytics,FirebaseAnalytics,Firebase,alvinhkh/buseta,['/alvinhkh_buseta/app/src/main/java/com/alvinhkh/buseta/App.kt']
FirebaseAnalytics,FirebaseAnalytics,Firebase,SebastianRask/Pocket-Plays-for-Twitch,['/SebastianRask_Pocket-Plays-for-Twitch/app/src/main/java/com/sebastianrask/bettersubscription/PocketPlaysApplication.java']
FirebaseAnalytics,FirebaseAnalytics,Firebase,firebase/snippets-android,"['/firebase_snippets-android/predictions/app/src/main/java/com/google/firebase/example/predictions/MainActivity.java', '/firebase_snippets-android/predictions/app/src/main/java/com/google/firebase/example/predictions/kotlin/MainActivity.kt', '/firebase_snippets-android/analytics/app/src/main/java/com/google/firebase/example/analytics/MainActivity.java', '/firebase_snippets-android/analytics/app/src/main/java/com/google/firebase/example/analytics/kotlin/MainActivity.kt']"
FirebaseAnalytics,FirebaseAnalytics,Firebase,henrichg/PhoneProfilesPlus,['/henrichg_PhoneProfilesPlus/phoneProfilesPlus/src/main/java/sk/henrichg/phoneprofilesplus/PPApplication.java']
FirebaseAnalytics,FirebaseAnalytics,Firebase,premnirmal/StockTicker,['/premnirmal_StockTicker/app/src/prod/kotlin/com/github/premnirmal/ticker/analytics/AnalyticsImpl.kt']
FirebaseAnalytics,FirebaseAnalytics,Firebase,StepicOrg/stepic-android,['/StepicOrg_stepic-android/app/src/main/java/org/stepic/droid/analytic/AnalyticImpl.kt']
FirebaseAnalytics,FirebaseAnalytics,Firebase,google/santa-tracker-android,"['/google_santa-tracker-android/memory/src/main/java/com/google/android/apps/memory/MemoryActivity.java', '/google_santa-tracker-android/presentquest/src/main/java/com/google/android/apps/santatracker/presentquest/ui/map/MapsActivity.java', '/google_santa-tracker-android/presentquest/src/main/java/com/google/android/apps/santatracker/presentquest/ui/profile/ProfileViewModel.java', '/google_santa-tracker-android/tracker/src/main/java/com/google/android/apps/santatracker/tracker/ui/TrackerMapFragment.kt', '/google_santa-tracker-android/tracker/src/main/java/com/google/android/apps/santatracker/tracker/ui/TrackerActivity.kt', '/google_santa-tracker-android/tracker/src/main/java/com/google/android/apps/santatracker/tracker/cast/LoggingCastSessionListener.kt', '/google_santa-tracker-android/tracker/src/main/java/com/google/android/apps/santatracker/tracker/cast/LoggingCastStateListener.kt', '/google_santa-tracker-android/rocketsleigh/src/main/java/com/google/android/apps/santatracker/rocketsleigh/EndGameActivity.java', '/google_santa-tracker-android/rocketsleigh/src/main/java/com/google/android/apps/santatracker/rocketsleigh/RocketSleighActivity.kt', '/google_santa-tracker-android/snowballrun/src/main/java/com/google/android/apps/santatracker/doodles/snowballrun/PursuitFragment.java', '/google_santa-tracker-android/santa-tracker/src/main/java/com/google/android/apps/santatracker/di/AppModule.kt', '/google_santa-tracker-android/santa-tracker/src/main/java/com/google/android/apps/santatracker/web/WebSceneActivity.kt', '/google_santa-tracker-android/santa-tracker/src/main/java/com/google/android/apps/santatracker/launch/TvStartupActivity.java', '/google_santa-tracker-android/santa-tracker/src/main/java/com/google/android/apps/santatracker/launch/LaunchVideo.java', '/google_santa-tracker-android/santa-tracker/src/main/java/com/google/android/apps/santatracker/launch/StartupActivity.java', '/google_santa-tracker-android/santa-tracker/src/main/java/com/google/android/apps/santatracker/customviews/Village.java', '/google_santa-tracker-android/penguinswim/src/main/java/com/google/android/apps/santatracker/doodles/penguinswim/SwimmingFragment.java', '/google_santa-tracker-android/cityquiz/src/main/java/com/google/android/apps/santatracker/cityquiz/CityQuizActivity.kt', '/google_santa-tracker-android/gumball/src/main/java/com/google/android/apps/gumball/GumballActivity.java', '/google_santa-tracker-android/common/src/main/java/com/google/android/apps/santatracker/util/MeasurementManager.kt', '/google_santa-tracker-android/common/src/main/java/com/google/android/apps/santatracker/invites/AppInvitesFragment.kt', '/google_santa-tracker-android/jetpack/src/main/java/com/google/android/apps/jetpack/JetpackActivity.kt', '/google_santa-tracker-android/doodles-lib/src/main/java/com/google/android/apps/santatracker/doodles/BaseDoodleActivity.java', '/google_santa-tracker-android/dasherdancer/src/main/java/com/google/android/apps/santatracker/dasherdancer/CharacterActivity.kt', '/google_santa-tracker-android/dasherdancer/src/main/java/com/google/android/apps/santatracker/dasherdancer/DasherDancerActivity.kt']"
FirebaseAnalytics,FirebaseAnalytics,Firebase,juankysoriano/Zen,"['/juankysoriano_Zen/zen-android/src/main/java/zenproject/meditation/android/AnalyticsApplication.java', '/juankysoriano_Zen/zen-android/src/main/java/zenproject/meditation/android/analytics/AnalyticsTracker.java']"
FirebaseAnalytics,FirebaseAnalytics,Firebase,StepicOrg/stepik-android,['/StepicOrg_stepik-android/app/src/main/java/org/stepic/droid/analytic/AnalyticImpl.kt']
FirebaseAnalytics,FirebaseAnalytics,Firebase,niranjan94/show-java,"['/niranjan94_show-java/app/src/main/kotlin/com/njlabs/showjava/utils/secure/PurchaseUtils.kt', '/niranjan94_show-java/app/src/main/kotlin/com/njlabs/showjava/activities/settings/SettingsActivity.kt', '/niranjan94_show-java/app/src/main/kotlin/com/njlabs/showjava/activities/BaseActivity.kt', '/niranjan94_show-java/app/src/main/kotlin/com/njlabs/showjava/activities/decompiler/DecompilerActivity.kt', '/niranjan94_show-java/app/src/main/kotlin/com/njlabs/showjava/activities/decompiler/LowMemoryActivity.kt', '/niranjan94_show-java/app/src/main/kotlin/com/njlabs/showjava/activities/purchase/PurchaseActivity.kt']"
FirebaseAnalytics,FirebaseAnalytics,Firebase,mas-elkhanza/SIMRS-Khanza,['/mas-elkhanza_SIMRS-Khanza/ApkRegistrasiOnline/AplikasiDamanhuri/app/src/main/java/org/basoro/damanhuri/activities/SplashActivity.java']
