name,density
Habito,1069
OneSignal-Android-SDK,9303
ShowsRage,2332
FastAccess,9566
OpenDocument.droid,66
sabbath-school-android,5000
SEDaily-Android,1743
My-Wallet-V3-Android,657
ScreenshotGo,332
kcanotify,1229
SmartReceiptsLibrary,577
habitica-android,4907
MyTargets,25357
yahnac,1354
Augendiagnose,1071
iosched,1025
OpenLinkWith,640
bookdash-android-app,803
Put.io,1635
Melophile,5927
serenity-android,9817
Pr0,1082
squanchy-android,730
evercam-android,1634
island,8105
intra,133
OneTapVideoDownload,2406
GitJourney,1151
AnExplorer,882
Rocket.Chat.Android,716
CallerInfo,6867
androidbible,1265
talon-for-twitter-android,6797
arcane_tracker,20328
velociraptor,2330
EhViewer,1148
rview,16199
Memento-Calendar,371
SpaceLaunchNow-Android,34209
Hentoid,6980
Pocket-Plays-for-Twitch,1284
StockTicker,1093
Zen,535
FirefoxLite,918
smartnavi,190
android-beacon-scanner,502
utexas-utilities,7164
muzei,324
android-template,643
onebusaway-android,453
edx-app-android,543
Wanderlust-The-Travellers-App,462
eternity,1412
anitrend-app,9576
santa-tracker-android,861
stepik-android,539
show-java,970