id,repo,file_path,embed_method,content,,,,,,
733,https://github.com/OneBusAway/onebusaway-android,onebusaway-android/onebusaway-android/src/main/java/org/onebusaway/android/region/ObaRegionsTask.java,"onPostExecute(ArrayList,ObaRegion)","ObaAnalytics.setRegion(mFirebaseAnalytics, closestRegion.getName())",,,,,,
500,https://github.com/bookdash/bookdash-android-app,bookdash-android-app/app/src/main/java/org/bookdash/android/presentation/settings/SettingsPresenter.java,openTutorialScreen(),analytics.trackViewHelpTutorialAgain(),,,,,,
493,https://github.com/tasomaniac/OpenLinkWith,OpenLinkWith/intro/src/main/java/com/tasomaniac/openwith/intro/IntroActivity.java,onDestroy(),"analytics.sendEvent( ""Usage Access"", ""Given in first intro"", Boolean.toString(UsageStats.isEnabled(this)) )",,,,,,
223,https://github.com/mozilla-tw/FirefoxLite,FirefoxLite/app/src/main/java/org/mozilla/focus/screenshot/ScreenshotViewerActivity.java,onEditClick(),"TelemetryWrapper.editCaptureImage(true, mScreenshot.getCategory(), mScreenshot.getCategoryVersion())",,,,,,
381,https://github.com/wbaumann/SmartReceiptsLibrary,SmartReceiptsLibrary/app/src/main/java/co/smartreceipts/android/permissions/PermissionRequesterHeadlessFragment.java,request(String),"analytics.record(new DefaultDataPointEvent(Events.Permissions.PermissionRequested).addDataPoint(new DataPoint(""permission"", manifestPermission)))",,,,,,
580,https://github.com/romannurik/muzei,muzei/main/src/main/java/com/google/android/apps/muzei/IntroFragment.java,kotlin_cannot_identify,"Firebase.analytics.logEvent(""activate"", null)",,,,,,
350,https://github.com/wbaumann/SmartReceiptsLibrary,SmartReceiptsLibrary/app/src/main/java/co/smartreceipts/android/rating/RatingDialogFragment.java,"onCreateDialog(Bundle,DialogInterface,int,DialogInterface,int,DialogInterface,int)",analytics.record(Events.Ratings.UserSelectedNever),,,,,,
1204,https://github.com/StepicOrg/stepik-android,stepik-android/app/src/main/java/org/stepic/droid/core/ScreenManagerImpl.java,"showLaunchScreen(FragmentActivity,Course)",analytic.reportEvent(Analytic.Screens.SHOW_LAUNCH),,,,,,
925,https://github.com/edx/edx-app-android,edx-app-android/OpenEdXMobile/src/main/java/org/edx/mobile/view/dialog/RatingDialogFragment.java,onShow(DialogInterface),"analyticsRegistry.trackScreenView(Analytics.Screens.APP_REVIEWS_VIEW_RATING, null, null, values)",,,,,,
189,https://github.com/mozilla-tw/ScreenshotGo,ScreenshotGo/app/src/main/java/org/mozilla/scryer/collectionview/SortingPanelDialog.java,kotlin_cannot_identify,"TelemetryWrapper.sortScreenshot(SuggestCollectionHelper.getSuggestCollectionNameForTelemetry(activity, collection.name), MULTIPLE)",,,,,,
776,https://github.com/1hakr/AnExplorer,AnExplorer/app/src/main/java/dev/dworks/apps/anexplorer/DocumentsActivity.java,createFile(),"AnalyticsManager.logEvent(""create_file"", params)",,,,,,
441,https://github.com/Phantast/smartnavi,smartnavi/smartnaviapp/src/main/java/com/ilm/sandwich/fragments/RatingFragment.java,"showRateDialog(View,View,View)","mFirebaseAnalytics.logEvent(""Rating_Popup_Yes"", null)",,,,,,
74,https://github.com/blockchain/My-Wallet-V3-Android,My-Wallet-V3-Android/core/src/main/java/piuk/blockchain/androidcore/data/access/AccessState.java,kotlin_cannot_identify,"crashLogger.logEvent(""unpair. resetting pin"") ",,,,,,
891,https://github.com/edx/edx-app-android,edx-app-android/OpenEdXMobile/src/main/java/org/edx/mobile/module/analytics/AnalyticsRegistry.java,"trackRateTheAppClicked(String,int)","service.trackRateTheAppClicked(versionName, rating)",,,,,,
596,https://github.com/romannurik/muzei,muzei/main/src/main/java/com/google/android/apps/muzei/tasker/TaskerActionReceiver.java,kotlin_cannot_identify,Firebase.analytics.logEvent(FirebaseAnalytics.Event.SELECT_ITEM) ,,,,,,
79,https://github.com/blockchain/My-Wallet-V3-Android,My-Wallet-V3-Android/app/src/main/java/piuk/blockchain/android/ui/home/MainActivity.java,kotlin_cannot_identify,analytics.logEvent(AnalyticsEvents.Support) ,,,,,,
1278,https://github.com/StepicOrg/stepik-android,stepik-android/app/src/main/java/org/stepik/android/view/course_list/delegate/CourseContinueViewDelegate.java,kotlin_cannot_identify,analytic.reportEvent(Analytic.Interaction.CLICK_COURSE),,,,,,
34,https://github.com/TomTasche/OpenDocument.droid,OpenDocument.droid/app/src/main/java/at/tomtasche/reader/ui/activity/MainActivity.java,initializeRatingDialog(),"analyticsManager.report(""rating_cancel"")",,,,,,
982,https://github.com/yukuku/androidbible,androidbible/Alkitab/src/main/java/yuku/alkitab/base/IsiActivity.java,kotlin_cannot_identify,"Tracker.trackEvent(""left_drawer_progress_mark_pin_click_failed"") ",,,,,,
1214,https://github.com/StepicOrg/stepik-android,stepik-android/app/src/main/java/org/stepic/droid/core/ScreenManagerImpl.java,"showCertificates(Context,long)","analytic.reportEvent(Analytic.Screens.USER_OPEN_CERTIFICATES, userId + """")",,,,,,
874,https://github.com/edx/edx-app-android,edx-app-android/OpenEdXMobile/src/main/java/org/edx/mobile/module/analytics/AnalyticsRegistry.java,"trackVideoSpeed(String,Double,String,String,float,float)","service.trackVideoSpeed(videoId, currentTime, courseId, unitUrl, oldSpeed, newSpeed)",,,,,,
559,https://github.com/romannurik/muzei,muzei/main/src/main/java/com/google/android/apps/muzei/ArtDetailFragment.java,kotlin_cannot_identify,"Firebase.analytics.logEvent(""gestures_open"", null) ",,,,,,
592,https://github.com/romannurik/muzei,muzei/main/src/main/java/com/google/android/apps/muzei/browse/BrowseProviderFragment.java,kotlin_cannot_identify,Firebase.analytics.logEvent(FirebaseAnalytics.Event.SELECT_ITEM) ,,,,,,
1213,https://github.com/StepicOrg/stepik-android,stepik-android/app/src/main/java/org/stepic/droid/core/ScreenManagerImpl.java,showStoreWithApp(Activity),analytic.reportEvent(Analytic.Screens.OPEN_STORE),,,,,,
187,https://github.com/blockchain/My-Wallet-V3-Android,My-Wallet-V3-Android/nabu/src/main/java/com/blockchain/swap/nabu/datamanagers/WalletReporter.java,kotlin_cannot_identify,"userAnalytics.logUserProperty( UserProperty( UserAnalytics.EMAIL_VERIFIED, settings.isEmailVerified.toString() ) ) ",,,,,,
46,https://github.com/TomTasche/OpenDocument.droid,OpenDocument.droid/app/src/main/java/at/tomtasche/reader/ui/activity/MainActivity.java,onOptionsItemSelected(MenuItem),"analyticsManager.report(""menu_fullscreen_leave"")",,,,,,
983,https://github.com/klinker-apps/talon-for-twitter-android,talon-for-twitter-android/app/src/main/java/com/klinker/android/twitter_l/utils/ExpansionViewHelper.java,getInfo(boolean),"AnalyticsHelper.errorLoadingTweetFromNotification(context, e.getMessage())",,,,,,
723,https://github.com/OneBusAway/onebusaway-android,onebusaway-android/onebusaway-android/src/main/java/org/onebusaway/android/app/Application.java,reportAnalytics(),"ObaAnalytics.setRegion(mFirebaseAnalytics, getCurrentRegion().getName())",,,,,,
382,https://github.com/wbaumann/SmartReceiptsLibrary,SmartReceiptsLibrary/app/src/main/java/co/smartreceipts/android/persistence/database/controllers/impl/AbstractTableController.java,get(),"mAnalytics.record(new ErrorEvent(AbstractTableController.this, throwable))",,,,,,
851,https://github.com/edx/edx-app-android,edx-app-android/OpenEdXMobile/src/main/java/org/edx/mobile/module/analytics/AnalyticsRegistry.java,"trackScreenView(String,String,String)","trackScreenView(screenName, courseId, action, null)",,,,,,
1194,https://github.com/StepicOrg/stepik-android,stepik-android/app/src/main/java/org/stepic/droid/ui/dialogs/CertificateShareDialog.java,"onCreate(Bundle,View,View,View)",analytic.reportEvent(Analytic.Certificate.SHARE_LINK_CERTIFICATE),,,,,,
186,https://github.com/blockchain/My-Wallet-V3-Android,My-Wallet-V3-Android/nabu/src/main/java/com/blockchain/swap/nabu/datamanagers/NabuUserReporter.java,kotlin_cannot_identify,"userAnalytics.logUserProperty(UserProperty(UserAnalytics.KYC_CREATION_DATE, it))",,,,,,
80,https://github.com/blockchain/My-Wallet-V3-Android,My-Wallet-V3-Android/app/src/main/java/piuk/blockchain/android/ui/launcher/LauncherActivity.java,kotlin_cannot_identify,analytics.logEvent(NotificationAppOpened),,,,,,
712,https://github.com/OneBusAway/onebusaway-android,onebusaway-android/onebusaway-android/src/main/java/org/onebusaway/android/ui/HomeActivity.java,goToNavDrawerItem(int),"ObaAnalytics.reportUiEvent(mFirebaseAnalytics, getString(R.string.analytics_label_button_press_social_activity_feed), null)",,,,,,
1000,https://github.com/seven332/EhViewer,EhViewer/app/src/main/java/com/hippo/ehviewer/EhApplication.java,onCreate(Void),Analytics.start(this),,,,,,
918,https://github.com/edx/edx-app-android,edx-app-android/OpenEdXMobile/src/main/java/org/edx/mobile/view/CertificateFragment.java,"onOptionsItemSelected(MenuItem,ComponentName,ShareUtils,.,ShareType)","analyticsRegistry.certificateShared(courseData.getCourse().getId(), courseData.getCertificateURL(), shareType)",,,,,,
495,https://github.com/tasomaniac/OpenLinkWith,OpenLinkWith/app/src/main/java/com/tasomaniac/openwith/settings/advanced/features/FeatureToggleTracker.java,kotlin_cannot_identify,"analytics.sendEvent(""${feature.prefKey} toggled"", ""enabled"", enabled.toString())",,,,,,
460,https://github.com/jeisfeld/Augendiagnose,Augendiagnose/AugendiagnoseIdea/augendiagnoseLib/src/main/java/de/jeisfeld/augendiagnoselib/activities/OrganizeNewPhotosActivity.java,"onCreate(Bundle,TextView,int,KeyEvent,View,MotionEvent)","TrackingUtil.sendEvent(Category.EVENT_USER, ""Organize"", ""Start"")",,,,,,
168,https://github.com/blockchain/My-Wallet-V3-Android,My-Wallet-V3-Android/app/src/main/java/piuk/blockchain/android/simplebuy/SimpleBuyCheckoutFragment.java,kotlin_cannot_identify,analytics.logEvent(SimpleBuyAnalytics.CHECKOUT_SUMMARY_CANCELLATION_GO_BACK),,,,,,
97,https://github.com/blockchain/My-Wallet-V3-Android,My-Wallet-V3-Android/app/src/main/java/piuk/blockchain/android/ui/activity/ActivitiesInteractor.java,kotlin_cannot_identify,analytics.logEvent(SimpleBuyAnalytics.BANK_DETAILS_CANCEL_ERROR) ,,,,,,
821,https://github.com/RocketChat/Rocket.Chat.Android,Rocket.Chat.Android/app/src/main/java/chat/rocket/android/authentication/loginoptions/presentation/LoginOptionsPresenter.java,kotlin_cannot_identify,"analyticsManager.logLogin(loginMethod, false) ",,,,,,
781,https://github.com/1hakr/AnExplorer,AnExplorer/app/src/main/java/dev/dworks/apps/anexplorer/AboutActivity.java,onClick(View),"AnalyticsManager.logEvent(""app_love"")",,,,,,
879,https://github.com/edx/edx-app-android,edx-app-android/OpenEdXMobile/src/main/java/org/edx/mobile/module/analytics/AnalyticsRegistry.java,"trackCoursesSearch(String,boolean,String)","service.trackCoursesSearch(searchQuery, isLoggedIn, versionName)",,,,,,
488,https://github.com/google/iosched,iosched/mobile/src/main/java/com/google/samples/apps/iosched/util/FirebaseAnalyticsHelper.java,kotlin_cannot_identify,setUserSignedIn(signedIn == true) ,,,,,,
630,https://github.com/Jigsaw-Code/intra,intra/Android/app/src/main/java/app/intra/net/go/GoVpnAdapter.java,connectTunnel(),"LogWrapper.log(Log.INFO, LOG_TAG, ""Starting go-tun2socks"")",,,,,,
1148,https://github.com/google/santa-tracker-android,santa-tracker-android/presentquest/src/main/java/com/google/android/apps/santatracker/presentquest/ui/map/MapsActivity.java,"updateMetersWalked(LatLng,LatLng)","MeasurementManager.recordHundredMetersWalked(mAnalytics, mMetersWalked)",,,,,,
1178,https://github.com/google/santa-tracker-android,santa-tracker-android/santa-tracker/src/main/java/com/google/android/apps/santatracker/web/WebSceneActivity.java,kotlin_cannot_identify,"MeasurementManager.recordCustomEvent(firebaseAnalytics, getString(com.google.android.apps.santatracker.common.R.string.analytics_event_category_webscene), getString(com.google.android.apps.santatracker.common.R.string.analytics_event_webscene_onaction), event)",,,,,,
374,https://github.com/wbaumann/SmartReceiptsLibrary,SmartReceiptsLibrary/app/src/main/java/co/smartreceipts/android/ocr/OcrManagerImpl.java,scan(File),analytics.record(Events.Ocr.OcrRequestStarted),,,,,,
901,https://github.com/edx/edx-app-android,edx-app-android/OpenEdXMobile/src/main/java/org/edx/mobile/module/analytics/AnalyticsRegistry.java,trackDownloadToSdCardSwitchOn(),service.trackDownloadToSdCardSwitchOn(),,,,,,
1273,https://github.com/StepicOrg/stepik-android,stepik-android/app/src/main/java/org/stepik/android/view/personal_deadlines/ui/dialogs/EditDeadlinesDialog.java,kotlin_cannot_identify,analytic.reportEvent(Analytic.Deadlines.PERSONAL_DEADLINE_TIME_OPENED) ,,,,,,
212,https://github.com/mozilla-tw/ScreenshotGo,ScreenshotGo/app/src/main/java/org/mozilla/scryer/sortingpanel/SortingPanelActivity.java,kotlin_cannot_identify,TelemetryWrapper.cancelSorting(MULTIPLE),,,,,,
1057,https://github.com/alexstyl/Memento-Calendar,Memento-Calendar/android_mobile/src/main/java/com/alexstyl/specialdates/donate/AndroidDonationService.java,"placeDonation(Donation,int,IabResult,Purchase)",analytics.trackDonationPlaced(donation),,,,,,
1002,https://github.com/seven332/EhViewer,EhViewer/app/src/main/java/com/hippo/ehviewer/ui/GalleryActivity.java,showSlider(View),mSeekBarPanelAnimator.start(),,,,,,
39,https://github.com/TomTasche/OpenDocument.droid,OpenDocument.droid/app/src/main/java/at/tomtasche/reader/ui/activity/MainActivity.java,onOptionsItemSelected(MenuItem),"analyticsManager.report(""menu_search"")",,,,,,
798,https://github.com/1hakr/AnExplorer,AnExplorer/app/src/main/java/dev/dworks/apps/anexplorer/fragment/DirectoryFragment.java,"moveDocument(ArrayList,DocumentInfo,boolean)","AnalyticsManager.logEvent(""move_""+move, params)",,,,,,
56,https://github.com/TomTasche/OpenDocument.droid,OpenDocument.droid/app/src/main/java/at/tomtasche/reader/ui/activity/MainActivity.java,"findDocument(DialogInterface,int)","analyticsManager.report(FirebaseAnalytics.Event.SELECT_CONTENT, FirebaseAnalytics.Param.CONTENT_TYPE, target.activityInfo.packageName)",,,,,,
806,https://github.com/1hakr/AnExplorer,AnExplorer/app/src/main/java/dev/dworks/apps/anexplorer/fragment/ConnectionsFragment.java,menuItemAction(MenuItem),"AnalyticsManager.logEvent(""add_ftp"")",,,,,,
827,https://github.com/RocketChat/Rocket.Chat.Android,Rocket.Chat.Android/app/src/main/java/chat/rocket/android/analytics/AnalyticsManager.java,kotlin_cannot_identify,"it.logSignUp(event, signUpSucceeded)",,,,,,
608,https://github.com/squanchy-dev/squanchy-android,squanchy-android/app/src/main/java/net/squanchy/analytics/EnabledAnalytics.java,kotlin_cannot_identify,setUserLoginProperty(LoginStatus.LOGGED_IN_ONBOARDING) ,,,,,,
318,https://github.com/antest1/kcanotify,kcanotify/app/src/main/java/com/antest1/kcanotify/MainActivity.java,"onCreate(Bundle,CompoundButton,boolean,CompoundButton,boolean,View)","sendUserAnalytics(getApplicationContext(), END_SERVICE, null)",,,,,,
87,https://github.com/blockchain/My-Wallet-V3-Android,My-Wallet-V3-Android/app/src/main/java/piuk/blockchain/android/ui/kyc/tiersplash/KycTierSplashFragment.java,kotlin_cannot_identify,logEvent(AnalyticsEvents.KycTier1Complete) ,,,,,,
1181,https://github.com/google/santa-tracker-android,santa-tracker-android/dasherdancer/src/main/java/com/google/android/apps/santatracker/dasherdancer/DasherDancerActivity.java,kotlin_cannot_identify,"MeasurementManager.recordCustomEvent( firebaseAnalytics, getString(R.string.analytics_category_interaction), characters[pager.currentItem].characterName, getString(R.string.analytics_action_swipe_right)) ",,,,,,
741,https://github.com/OneBusAway/onebusaway-android,onebusaway-android/onebusaway-android/src/main/java/org/onebusaway/android/report/ui/ReportTypeListFragment.java,"onItemClick(AdapterView,?,View,int,long)","ObaAnalytics.reportUiEvent(mFirebaseAnalytics, getString(R.string.analytics_problem), getString(R.string.analytics_label_trip_problem))",,,,,,
1274,https://github.com/StepicOrg/stepik-android,stepik-android/app/src/main/java/org/stepik/android/view/course_list/ui/fragment/CourseListPopularFragment.java,kotlin_cannot_identify,analytic.reportEvent(Analytic.Error.FEATURED_EMPTY),,,,,,
1100,https://github.com/alexstyl/Memento-Calendar,Memento-Calendar/android_mobile/src/main/java/com/alexstyl/specialdates/analytics/CompositeAnalytics.java,kotlin_cannot_identify,it.trackAppInviteRequested(),,,,,,
1131,https://github.com/SebastianRask/Pocket-Plays-for-Twitch,Pocket-Plays-for-Twitch/app/src/main/java/com/sebastianrask/bettersubscription/activities/setup/WelcomeActivity.java,"onCreate(Bundle,Animation,Animation,Animation,Animation,Animation,Animation,Animation,Animation,Animation,View)","trackEvent(R.string.category_read, R.string.action_welcome)",,,,,,
1265,https://github.com/StepicOrg/stepik-android,stepik-android/app/src/main/java/org/stepic/droid/analytic/AnalyticImpl.java,kotlin_cannot_identify,"YandexMetrica.reportEvent(analyticEvent.name, analyticEvent.params)",,,,,,
1338,https://github.com/StepicOrg/stepik-android,stepik-android/app/src/main/java/org/stepik/android/presentation/course_continue/delegate/CourseContinuePresenterDelegateImpl.java,kotlin_cannot_identify,analytic.reportEvent(Analytic.Interaction.CLICK_CONTINUE_COURSE) ,,,,,,
667,https://github.com/OneBusAway/onebusaway-android,onebusaway-android/onebusaway-android/src/google/java/org/onebusaway/android/map/googlemapsv2/BaseMapFragment.java,onDeactivateLayer(LayerInfo),"ObaAnalytics.reportUiEvent(mFirebaseAnalytics, getString(R.string.analytics_layer_bikeshare), getString(R.string.analytics_label_bikeshare_deactivated))",,,,,,
141,https://github.com/blockchain/My-Wallet-V3-Android,My-Wallet-V3-Android/app/src/main/java/piuk/blockchain/android/ui/dashboard/transfer/BasicTransferToWallet.java,kotlin_cannot_identify,analytics.logEvent(WithdrawScreenShown(cryptoCurrency)) ,,,,,,
354,https://github.com/wbaumann/SmartReceiptsLibrary,SmartReceiptsLibrary/app/src/main/java/co/smartreceipts/android/rating/FeedbackDialogFragment.java,onCreateDialog(Bundle),analytics.record(Events.Ratings.UserDeclinedSendingFeedback),,,,,,
1334,https://github.com/StepicOrg/stepik-android,stepik-android/app/src/main/java/org/stepik/android/presentation/auth/SocialAuthPresenter.java,kotlin_cannot_identify,"analytic.reportEvent(Analytic.Error.SOCIAL_AUTH_FAILED, throwable.response()?.errorBody()?.string() ?: ""empty response"")",,,,,,
778,https://github.com/1hakr/AnExplorer,AnExplorer/app/src/main/java/dev/dworks/apps/anexplorer/DocumentsActivity.java,doInBackground(Void),"AnalyticsManager.logEvent(""files_moved"", params2)",,,,,,
268,https://github.com/mozilla-tw/FirefoxLite,FirefoxLite/app/src/main/java/org/mozilla/focus/settings/SettingsFragment.java,kotlin_cannot_identify,TelemetryWrapper.clickDefaultBrowserInSetting(),,,,,,
1305,https://github.com/StepicOrg/stepik-android,stepik-android/app/src/main/java/org/stepik/android/view/notification/FcmNotificationHandlerImpl.java,kotlin_cannot_identify,"analytic.reportEvent(Analytic.Notification.CANT_PARSE_NOTIFICATION, stepikNotification.id.toString())",,,,,,
388,https://github.com/wbaumann/SmartReceiptsLibrary,SmartReceiptsLibrary/app/src/main/java/co/smartreceipts/android/activities/SmartReceiptsActivity.java,onOptionsItemSelected(MenuItem),analytics.record(Events.Navigation.UsageGuideOverflow),,,,,,
1071,https://github.com/alexstyl/Memento-Calendar,Memento-Calendar/memento/src/main/java/com/alexstyl/specialdates/addevent/AddEventsPresenter.java,kotlin_cannot_identify,analytics.trackContactCreated() ,,,,,,
701,https://github.com/OneBusAway/onebusaway-android,onebusaway-android/onebusaway-android/src/main/java/org/onebusaway/android/ui/MyRemindersFragment.java,setSortByClause(int),"ObaAnalytics.reportUiEvent(mFirebaseAnalytics, getString(R.string.analytics_label_sort_by_name_reminder), null)",,,,,,
466,https://github.com/jeisfeld/Augendiagnose,Augendiagnose/AugendiagnoseIdea/augendiagnoseLib/src/main/java/de/jeisfeld/augendiagnoselib/activities/CameraActivity.java,"configureMainButtons(View,View,View,View,View)","TrackingUtil.sendEvent(Category.EVENT_USER, CAMERA, ""Decline"")",,,,,,
49,https://github.com/TomTasche/OpenDocument.droid,OpenDocument.droid/app/src/main/java/at/tomtasche/reader/ui/activity/MainActivity.java,onOptionsItemSelected(MenuItem),"analyticsManager.report(""menu_tts"")",,,,,,
656,https://github.com/Jigsaw-Code/intra,intra/Android/app/src/main/java/app/intra/sys/firebase/AnalyticsWrapper.java,logTryAllFailed(),"log(Events.TRY_ALL_FAILED, new BundleBuilder())",,,,,,
744,https://github.com/OneBusAway/onebusaway-android,onebusaway-android/onebusaway-android/src/main/java/org/onebusaway/android/report/ui/ReportTypeListFragment.java,"onItemClick(AdapterView,?,View,int,long)","ObaAnalytics.reportUiEvent(mFirebaseAnalytics, getString(R.string.analytics_problem), getString(R.string.analytics_label_idea_scale))",,,,,,
491,https://github.com/tasomaniac/OpenLinkWith,OpenLinkWith/app/src/main/java/com/tasomaniac/openwith/ShareToOpenWith.java,trackDirectShare(),"analytics.sendEvent( ""Direct Share"", ""Clicked"", ""true"" )",,,,,,
714,https://github.com/OneBusAway/onebusaway-android,onebusaway-android/onebusaway-android/src/main/java/org/onebusaway/android/ui/HomeActivity.java,goToNavDrawerItem(int),"ObaAnalytics.reportUiEvent(mFirebaseAnalytics, getString(R.string.analytics_label_button_press_help), null)",,,,,,
503,https://github.com/bookdash/bookdash-android-app,bookdash-android-app/app/src/main/java/org/bookdash/android/presentation/main/MainPresenter.java,clickViewAllBooks(),analytics.trackViewAllBooks(),,,,,,
192,https://github.com/mozilla-tw/ScreenshotGo,ScreenshotGo/app/src/main/java/org/mozilla/scryer/collectionview/SortingPanelDialog.java,kotlin_cannot_identify,TelemetryWrapper.cancelSorting(SINGLE),,,,,,
274,https://github.com/mozilla-tw/FirefoxLite,FirefoxLite/app/src/main/java/org/mozilla/focus/activity/MainActivity.java,kotlin_cannot_identify,TelemetryWrapper.showRateApp(false),,,,,,
1203,https://github.com/StepicOrg/stepik-android,stepik-android/app/src/main/java/org/stepic/droid/core/ScreenManagerImpl.java,showLaunchScreenAfterLogout(Context),analytic.reportEvent(Analytic.Interaction.SHOW_LAUNCH_SCREEN_AFTER_LOGOUT),,,,,,
157,https://github.com/blockchain/My-Wallet-V3-Android,My-Wallet-V3-Android/app/src/main/java/piuk/blockchain/android/ui/tour/TourGuide.java,kotlin_cannot_identify,analytics.logEvent(it),,,,,,
810,https://github.com/RocketChat/Rocket.Chat.Android,Rocket.Chat.Android/app/src/main/java/chat/rocket/android/settings/ui/SettingsFragment.java,kotlin_cannot_identify,analyticsManager.logInviteSent(InviteType.ViaApp) ,,,,,,
1328,https://github.com/StepicOrg/stepik-android,stepik-android/app/src/main/java/org/stepik/android/view/lesson/ui/activity/LessonActivity.java,kotlin_cannot_identify,"analytic.reportEvent(Analytic.Streak.SHOW_DIALOG_UNDEFINED_STREAKS, streakDays.toString()) ",,,,,,
1302,https://github.com/StepicOrg/stepik-android,stepik-android/app/src/main/java/org/stepik/android/view/notification/FcmNotificationHandlerImpl.java,kotlin_cannot_identify,"analytic.reportEvent(Analytic.Notification.CANT_PARSE_NOTIFICATION, id.toString())",,,,,,
681,https://github.com/OneBusAway/onebusaway-android,onebusaway-android/onebusaway-android/src/main/java/org/onebusaway/android/ui/TripPlanActivity.java,onTripRequestReady(),"ObaAnalytics.reportUiEvent(mFirebaseAnalytics, getString(R.string.analytics_label_trip_plan), null)",,,,,,
904,https://github.com/edx/edx-app-android,edx-app-android/OpenEdXMobile/src/main/java/org/edx/mobile/module/analytics/AnalyticsRegistry.java,"trackCastDeviceConnectionChanged(String,String,String)","service.trackCastDeviceConnectionChanged(eventName, connectionState, playMedium)",,,,,,
678,https://github.com/OneBusAway/onebusaway-android,onebusaway-android/onebusaway-android/src/main/java/org/onebusaway/android/ui/ArrivalsListFragment.java,showStopDetailsDialog(),"ObaAnalytics.reportUiEvent(mFirebaseAnalytics, getActivity().getString(R.string.analytics_label_button_press_stop_details), null)",,,,,,
448,https://github.com/jeisfeld/Augendiagnose,Augendiagnose/AugendiagnoseIdea/augendiagnoseLib/src/main/java/de/jeisfeld/augendiagnoselib/fragments/DisplayImageFragment.java,onToggleOverlayClicked(int),"TrackingUtil.sendEvent(Category.EVENT_USER, ""Display overlay"", overlayName)",,,,,,
1143,https://github.com/google/santa-tracker-android,santa-tracker-android/presentquest/src/main/java/com/google/android/apps/santatracker/presentquest/ui/map/MapsActivity.java,onCreate(Bundle),"MeasurementManager.recordScreenView( mAnalytics, getString(R.string.analytics_screen_pq_map))",,,,,,
1270,https://github.com/StepicOrg/stepik-android,stepik-android/app/src/main/java/org/stepik/android/view/settings/ui/fragment/SettingsFragment.java,kotlin_cannot_identify,analytic.reportEvent(Analytic.Screens.USER_OPEN_FEEDBACK) ,,,,,,
910,https://github.com/edx/edx-app-android,edx-app-android/OpenEdXMobile/src/main/java/org/edx/mobile/view/CourseDiscussionPostsThreadFragment.java,"onViewCreated(View,Bundle,View,AdapterView,?,View,int,long,AdapterView,?,AdapterView,?,View,int,long,AdapterView,?)",trackScreenView(),,,,,,
708,https://github.com/OneBusAway/onebusaway-android,onebusaway-android/onebusaway-android/src/main/java/org/onebusaway/android/ui/HomeActivity.java,goToNavDrawerItem(int),"ObaAnalytics.reportUiEvent(mFirebaseAnalytics, getString(R.string.analytics_label_button_press_trip_plan), null)",,,,,,
410,https://github.com/wbaumann/SmartReceiptsLibrary,SmartReceiptsLibrary/app/src/main/java/co/smartreceipts/android/distance/editor/DistanceCreateEditInteractor.java,kotlin_cannot_identify,analytics.record(Events.Distance.PersistUpdateDistance),,,,,,
1225,https://github.com/StepicOrg/stepik-android,stepik-android/app/src/main/java/org/stepic/droid/base/FragmentActivityBase.java,checkPlayServices(),analytic.reportEvent(Analytic.Error.GOOGLE_SERVICES_TOO_OLD),,,,,,
812,https://github.com/RocketChat/Rocket.Chat.Android,Rocket.Chat.Android/app/src/main/java/chat/rocket/android/videoconference/presenter/VideoConferencePresenter.java,kotlin_cannot_identify,analyticsManager.logVideoConference(SubscriptionTypeEvent.DirectMessage) ,,,,,,
1076,https://github.com/alexstyl/Memento-Calendar,Memento-Calendar/android_mobile/src/main/java/com/alexstyl/specialdates/addevent/AddEventActivity.java,kotlin_cannot_identify,analytics.trackImageCaptured() ,,,,,,
550,https://github.com/romannurik/muzei,muzei/wearable/src/main/java/com/google/android/apps/muzei/datalayer/OpenOnPhoneReceiver.java,kotlin_cannot_identify,"Firebase.analytics.logEvent(""data_layer_open_on_phone"", null) ",,,,,,
1169,https://github.com/google/santa-tracker-android,santa-tracker-android/penguinswim/src/main/java/com/google/android/apps/santatracker/doodles/penguinswim/SwimmingFragment.java,"onEventReceived(int,Object)","MeasurementManager.recordSwimmingEnd( analytics, model.getStarCount(), model.distanceMeters, model.swimmer.getCollidedObjectType())",,,,,,
1045,https://github.com/jorgegil96/All-NBA,All-NBA/app/src/main/java/com/gmail/jorgegilcavazos/ballislife/features/profile/ProfileActivity.java,onResume(),"eventLogger.setCurrentScreen(this, SwishScreen.PROFILE)",,,,,,
909,https://github.com/edx/edx-app-android,edx-app-android/OpenEdXMobile/src/main/java/org/edx/mobile/view/DiscussionAddCommentFragment.java,onCreate(Bundle),"analyticsRegistry.trackScreenView(Analytics.Screens.FORUM_ADD_RESPONSE_COMMENT, discussionThread.getCourseId(), discussionThread.getTitle(), values)",,,,,,
304,https://github.com/mozilla-tw/FirefoxLite,FirefoxLite/app/src/main/java/org/mozilla/rocket/appupdate/InAppUpdateController.java,kotlin_cannot_identify,"clickInAppUpdateIntroDialog( if (isAccepted) { TelemetryWrapper.Value.POSITIVE } else { TelemetryWrapper.Value.NEGATIVE }, data.config.forceCloseOnDenied, data.info.availableVersionCode() )",,,,,,
1032,https://github.com/seven332/EhViewer,EhViewer/app/src/main/java/com/hippo/drawable/AddDeleteDrawable.java,"setShape(boolean,long)",oa.start(),,,,,,
285,https://github.com/mozilla-tw/FirefoxLite,FirefoxLite/app/src/main/java/org/mozilla/focus/telemetry/TelemetryWrapper.java,kotlin_cannot_identify,TelemetryWrapper.searchEnterEvent(isInLandscape),,,,,,
1201,https://github.com/StepicOrg/stepik-android,stepik-android/app/src/main/java/org/stepic/droid/preferences/UserPreferences.java,setAdaptiveModeEnabled(boolean),analytic.reportEvent(Analytic.Adaptive.ADAPTIVE_MODE_DISABLED),,,,,,
642,https://github.com/Jigsaw-Code/intra,intra/Android/app/src/main/java/app/intra/sys/IntraVpnService.java,startVpnAdapter(),"LogWrapper.log(Log.ERROR, LOG_TAG, ""Failed to start VPN adapter!"")",,,,,,
461,https://github.com/jeisfeld/Augendiagnose,Augendiagnose/AugendiagnoseIdea/augendiagnoseLib/src/main/java/de/jeisfeld/augendiagnoselib/activities/OrganizeNewPhotosActivity.java,"movePhotos(EyePhoto,EyePhoto,String)","TrackingUtil.sendEvent(Category.EVENT_USER, ""Organize"", ""End"")",,,,,,
1110,https://github.com/alexstyl/Memento-Calendar,Memento-Calendar/android_mobile/src/main/java/com/alexstyl/specialdates/analytics/FirebaseAnalyticsImpl.java,kotlin_cannot_identify,widgetNameOf(widget),,,,,,
1322,https://github.com/StepicOrg/stepik-android,stepik-android/app/src/main/java/org/stepik/android/view/fast_continue/ui/fragment/FastContinueFragment.java,kotlin_cannot_identify,analytic.reportEvent(Analytic.FastContinue.CONTINUE_SHOWN) ,,,,,,
1248,https://github.com/StepicOrg/stepik-android,stepik-android/app/src/main/java/org/stepic/droid/ui/activities/MainFeedActivity.java,kotlin_cannot_identify,analytic.reportEvent(Analytic.Screens.USER_OPEN_NOTIFICATIONS),,,,,,
1313,https://github.com/StepicOrg/stepik-android,stepik-android/app/src/main/java/org/stepik/android/view/comment/ui/activity/CommentsActivity.java,kotlin_cannot_identify,analytic.reportEvent(Analytic.Screens.OPEN_WRITE_COMMENT) ,,,,,,
777,https://github.com/1hakr/AnExplorer,AnExplorer/app/src/main/java/dev/dworks/apps/anexplorer/DocumentsActivity.java,uploadFile(),"AnalyticsManager.logEvent(""upload_file"", params)",,,,,,
1058,https://github.com/alexstyl/Memento-Calendar,Memento-Calendar/android_mobile/src/main/java/com/alexstyl/specialdates/donate/AndroidDonationService.java,"restoreDonations(IabResult,Inventory)",analytics.trackDonationRestored(),,,,,,
1097,https://github.com/alexstyl/Memento-Calendar,Memento-Calendar/android_mobile/src/main/java/com/alexstyl/specialdates/analytics/CompositeAnalytics.java,kotlin_cannot_identify,it.trackWidgetAdded(widget),,,,,,
564,https://github.com/romannurik/muzei,muzei/main/src/main/java/com/google/android/apps/muzei/ChooseProviderFragment.java,kotlin_cannot_identify,"Firebase.analytics.logEvent(""auto_advance_open"", null) ",,,,,,
254,https://github.com/mozilla-tw/FirefoxLite,FirefoxLite/app/src/main/java/org/mozilla/focus/menu/WebContextMenu.java,"openInNewTab(TabView,Dialog,String)",TelemetryWrapper.addNewTabFromContextMenu(),,,,,,
324,https://github.com/antest1/kcanotify,kcanotify/app/src/main/java/com/antest1/kcanotify/ToolsActivity.java,onCreate(Bundle),"sendUserAnalytics(getApplicationContext(), OPEN_TOOL.concat(""ShipList""), null)",,,,,,
975,https://github.com/yukuku/androidbible,androidbible/Alkitab/src/main/java/yuku/alkitab/base/IsiActivity.java,kotlin_cannot_identify,"Tracker.trackEvent(""left_drawer_full_screen_click"") ",,,,,,
800,https://github.com/1hakr/AnExplorer,AnExplorer/app/src/main/java/dev/dworks/apps/anexplorer/fragment/DirectoryFragment.java,infoDocument(DocumentInfo),"AnalyticsManager.logEvent(""details"", params)",,,,,,
43,https://github.com/TomTasche/OpenDocument.droid,OpenDocument.droid/app/src/main/java/at/tomtasche/reader/ui/activity/MainActivity.java,onOptionsItemSelected(MenuItem),"analyticsManager.report(""menu_open_with"")",,,,,,
1122,https://github.com/SebastianRask/Pocket-Plays-for-Twitch,Pocket-Plays-for-Twitch/app/src/main/java/com/sebastianrask/bettersubscription/fragments/NavigationDrawerFragment.java,"setInstantOnClick(int,Class,int,int,View)","activity.trackEvent(R.string.category_click, R.string.action_navigation_drawer, activityClass.getSimpleName())",,,,,,
462,https://github.com/jeisfeld/Augendiagnose,Augendiagnose/AugendiagnoseIdea/augendiagnoseLib/src/main/java/de/jeisfeld/augendiagnoselib/activities/ListPicturesForNameActivity.java,onCreate(Bundle),"TrackingUtil.sendEvent(Category.EVENT_USER, ""Display"", ""List pictures"")",,,,,,
787,https://github.com/1hakr/AnExplorer,AnExplorer/app/src/main/java/dev/dworks/apps/anexplorer/fragment/DirectoryFragment.java,doInBackground(Void),"AnalyticsManager.logEvent(""backup"", params2)",,,,,,
645,https://github.com/Jigsaw-Code/intra,intra/Android/app/src/main/java/app/intra/sys/IntraVpnService.java,onNetworkConnected(NetworkInfo),"LogWrapper.log(Log.INFO, LOG_TAG, ""Connected event."")",,,,,,
515,https://github.com/NineWorlds/serenity-android,serenity-android/serenity-app/src/main/java/us/nineworlds/serenity/SerenityApplication.java,sendStartedApplicationEvent(),"analytics.logEvent(FirebaseAnalytics.Event.APP_OPEN, bundle)",,,,,,
1105,https://github.com/alexstyl/Memento-Calendar,Memento-Calendar/android_mobile/src/main/java/com/alexstyl/specialdates/analytics/CompositeAnalytics.java,kotlin_cannot_identify,it.trackFacebookLoggedOut(),,,,,,
471,https://github.com/Bridouille/android-beacon-scanner,android-beacon-scanner/app/src/main/java/com/bridou_n/beaconscanner/features/beaconList/BeaconListActivity.java,kotlin_cannot_identify,"tracker.logEvent(""start_scanning_clicked"", null)",,,,,,
66,https://github.com/TomTasche/OpenDocument.droid,OpenDocument.droid/app/src/main/java/at/tomtasche/reader/ui/activity/DocumentFragment.java,"offerUpload(Activity,FileLoader,.,Options,boolean,DialogInterface,int,DialogInterface,int)","analyticsManager.report(""upload_offer_subtle"", FirebaseAnalytics.Param.CONTENT_TYPE, fileType, FirebaseAnalytics.Param.CONTENT, options.originalUri)",,,,,,
779,https://github.com/1hakr/AnExplorer,AnExplorer/app/src/main/java/dev/dworks/apps/anexplorer/AboutActivity.java,onClick(View),"AnalyticsManager.logEvent(""app_rate"")",,,,,,
30,https://github.com/TomTasche/OpenDocument.droid,OpenDocument.droid/app/src/main/java/at/tomtasche/reader/background/FileLoader.java,callOnSuccess(Result),"analyticsManager.report(""loader_success_"" + type, FirebaseAnalytics.Param.CONTENT_TYPE, result.options.fileType, FirebaseAnalytics.Param.CONTENT, result.options.fileExtension)",,,,,,
1152,https://github.com/google/santa-tracker-android,santa-tracker-android/rocketsleigh/src/main/java/com/google/android/apps/santatracker/rocketsleigh/EndGameActivity.java,updateAchievementsAndLeaderboard(),"MeasurementManager.recordAchievement( mMeasurement, achievementStr, getString(R.string.analytics_screen_rocket))",,,,,,
930,https://github.com/edx/edx-app-android,edx-app-android/OpenEdXMobile/src/main/java/org/edx/mobile/view/dialog/RatingDialogFragment.java,"showRateTheAppDialog(DialogInterface,int,DialogInterface,int,DialogInterface)","analyticsRegistry.trackRateTheAppClicked(BuildConfig.VERSION_NAME, (int) binding.ratingBar.getRating())",,,,,,
407,https://github.com/wbaumann/SmartReceiptsLibrary,SmartReceiptsLibrary/app/src/main/java/co/smartreceipts/android/tooltip/rating/RateThisAppTooltipController.java,kotlin_cannot_identify,analytics.record(Events.Ratings.RatingPromptShown),,,,,,
1008,https://github.com/seven332/EhViewer,EhViewer/app/src/main/java/com/hippo/ehviewer/ui/scene/BaseScene.java,onResume(),Analytics.onSceneView(this),,,,,,
36,https://github.com/TomTasche/OpenDocument.droid,OpenDocument.droid/app/src/main/java/at/tomtasche/reader/ui/activity/MainActivity.java,"initializeCatchAllSwitch(CompoundButton,boolean)","analyticsManager.report(isCatchAllEnabled ? ""catch_all_enabled"" : ""catch_all_disabled"")",,,,,,
126,https://github.com/blockchain/My-Wallet-V3-Android,My-Wallet-V3-Android/app/src/main/java/piuk/blockchain/android/ui/swap/homebrew/exchange/confirmation/ExchangeConfirmationFragment.java,kotlin_cannot_identify,analytics.logEvent(SwapAnalyticsEvents.SwapExchangeReceiveChange),,,,,,
175,https://github.com/blockchain/My-Wallet-V3-Android,My-Wallet-V3-Android/app/src/main/java/piuk/blockchain/android/simplebuy/SimpleBuyPendingKycFragment.java,kotlin_cannot_identify,analytics.logEvent(SimpleBuyAnalytics.KYC_PENDING),,,,,,
593,https://github.com/romannurik/muzei,muzei/main/src/main/java/com/google/android/apps/muzei/browse/BrowseProviderFragment.java,kotlin_cannot_identify,Firebase.analytics.logEvent(FirebaseAnalytics.Event.SELECT_ITEM) ,,,,,,
1055,https://github.com/jorgegil96/All-NBA,All-NBA/app/src/main/java/com/gmail/jorgegilcavazos/ballislife/analytics/EventLogger.java,kotlin_cannot_identify,"firebaseAnalytics.setCurrentScreen(activity, swishScreen.screenName, null)",,,,,,
1115,https://github.com/avluis/Hentoid,Hentoid/app/src/main/java/me/devsaki/hentoid/services/ContentDownloadService.java,"completeDownload(long,String,int,int,long)","HentoidApp.trackDownloadEvent(""Error"")",,,,,,
73,https://github.com/blockchain/My-Wallet-V3-Android,My-Wallet-V3-Android/core/src/main/java/piuk/blockchain/androidcore/data/access/AccessState.java,kotlin_cannot_identify,"crashLogger.logEvent(""logout. resetting pin"") ",,,,,,
296,https://github.com/mozilla-tw/FirefoxLite,FirefoxLite/app/src/main/java/org/mozilla/rocket/privately/PrivateModeActivity.java,kotlin_cannot_identify,TelemetryWrapper.launchByPrivateModeShortcut(TelemetryWrapper.Extra_Value.LAUNCHER),,,,,,
342,https://github.com/wbaumann/SmartReceiptsLibrary,SmartReceiptsLibrary/app/src/main/java/co/smartreceipts/android/receipts/attacher/ReceiptAttachmentManager.java,"attachPicture(Fragment,boolean)",analytics.record(newReceipt ? Events.Receipts.ReceiptImportImage : Events.Receipts.ReceiptAttachPicture),,,,,,
1323,https://github.com/StepicOrg/stepik-android,stepik-android/app/src/main/java/org/stepik/android/view/fast_continue/ui/fragment/FastContinueFragment.java,kotlin_cannot_identify,analytic.reportEvent(Analytic.FastContinue.CONTINUE_CLICK) ,,,,,,
355,https://github.com/wbaumann/SmartReceiptsLibrary,SmartReceiptsLibrary/app/src/main/java/co/smartreceipts/android/fragments/GenerateReportFragment.java,"onCreateView(LayoutInflater,ViewGroup,Bundle)",analytics.record(Events.Informational.ConfigureReport),,,,,,
1294,https://github.com/StepicOrg/stepik-android,stepik-android/app/src/main/java/org/stepik/android/view/streak/ui/dialog/StreakNotificationDialogFragment.java,kotlin_cannot_identify,analytic.reportEvent(positiveEvent) ,,,,,,
717,https://github.com/OneBusAway/onebusaway-android,onebusaway-android/onebusaway-android/src/main/java/org/onebusaway/android/ui/HomeActivity.java,onOptionsItemSelected(MenuItem),"ObaAnalytics.reportUiEvent(mFirebaseAnalytics, getString(R.string.analytics_label_button_press_search_box), null)",,,,,,
1242,https://github.com/StepicOrg/stepik-android,stepik-android/app/src/main/java/org/stepic/droid/ui/activities/MainFeedActivity.java,kotlin_cannot_identify,analytic.reportEvent(Analytic.Streak.STREAK_NOTIFICATION_OPENED),,,,,,
219,https://github.com/mozilla-tw/FirefoxLite,FirefoxLite/app/src/webkit/java/org/mozilla/focus/webkit/WebkitView.java,cleanup(),clearHistory(),,,,,,
715,https://github.com/OneBusAway/onebusaway-android,onebusaway-android/onebusaway-android/src/main/java/org/onebusaway/android/ui/HomeActivity.java,goToNavDrawerItem(int),"ObaAnalytics.reportUiEvent(mFirebaseAnalytics, getString(R.string.analytics_label_button_press_feedback), null)",,,,,,
316,https://github.com/antest1/kcanotify,kcanotify/app/src/main/java/com/antest1/kcanotify/MainActivity.java,"onCreate(Bundle,CompoundButton,boolean,CompoundButton,boolean,View)","sendUserAnalytics(getApplicationContext(), END_SNIFFER, null)",,,,,,
1299,https://github.com/StepicOrg/stepik-android,stepik-android/app/src/main/java/org/stepik/android/view/notification/FcmNotificationHandlerImpl.java,kotlin_cannot_identify,"analytic.reportEvent(Analytic.Notification.NOTIFICATION_NOT_OPENABLE, notification.action ?: """")",,,,,,
387,https://github.com/wbaumann/SmartReceiptsLibrary,SmartReceiptsLibrary/app/src/main/java/co/smartreceipts/android/activities/SmartReceiptsActivity.java,onOptionsItemSelected(MenuItem),analytics.record(Events.Navigation.OcrConfiguration),,,,,,
883,https://github.com/edx/edx-app-android,edx-app-android/OpenEdXMobile/src/main/java/org/edx/mobile/module/analytics/AnalyticsRegistry.java,trackProfileViewed(String),service.trackProfileViewed(username),,,,,,
1251,https://github.com/StepicOrg/stepik-android,stepik-android/app/src/main/java/org/stepic/droid/core/GoogleApiCheckerImpl.java,kotlin_cannot_identify,analytic.reportEvent(Analytic.Error.GOOGLE_SERVICES_TOO_OLD),,,,,,
1262,https://github.com/StepicOrg/stepik-android,stepik-android/app/src/main/java/org/stepic/droid/core/presenters/NotificationListPresenter.java,kotlin_cannot_identify,analytic.reportEvent(Analytic.Notification.NOTIFICATION_CENTER_OPENED) ,,,,,,
246,https://github.com/mozilla-tw/FirefoxLite,FirefoxLite/app/src/main/java/org/mozilla/focus/fragment/BookmarksFragment.java,onItemEdited(BookmarkModel),TelemetryWrapper.bookmarkEditItem(),,,,,,
538,https://github.com/mopsalarm/Pr0,Pr0/app/src/main/java/com/pr0gramm/app/ui/fragments/FeedFragment.java,kotlin_cannot_identify,preloadCurrentFeed() ,,,,,,
430,https://github.com/Phantast/smartnavi,smartnavi/smartnaviapp/src/main/java/com/ilm/sandwich/GoogleMap.java,"onRequestPermissionsResult(int,String,[],int,[])","mFirebaseAnalytics.logEvent(""Denied_Google_Location"", null)",,,,,,
1336,https://github.com/StepicOrg/stepik-android,stepik-android/app/src/main/java/org/stepik/android/presentation/comment/ComposeCommentPresenter.java,kotlin_cannot_identify,analytic.reportEvent(Analytic.Comments.COMMENTS_SENT_SUCCESSFULLY),,,,,,
984,https://github.com/klinker-apps/talon-for-twitter-android,talon-for-twitter-android/app/src/main/java/com/klinker/android/twitter_l/activities/setup/material_login/MaterialLogin.java,"onCreate(Bundle,int,int,float,int,int,int)",AnalyticsHelper.startLogin(this),,,,,,
852,https://github.com/edx/edx-app-android,edx-app-android/OpenEdXMobile/src/main/java/org/edx/mobile/module/analytics/AnalyticsRegistry.java,"trackScreenView(String,String,String,Map,String,String)","service.trackScreenView(screenName, courseId, action, values)",,,,,,
1284,https://github.com/StepicOrg/stepik-android,stepik-android/app/src/main/java/org/stepik/android/view/auth/ui/activity/SocialAuthActivity.java,kotlin_cannot_identify,analytic.reportEvent(Analytic.Login.GOOGLE_AUTH_CODE_NULL) ,,,,,,
339,https://github.com/wbaumann/SmartReceiptsLibrary,SmartReceiptsLibrary/app/src/main/java/co/smartreceipts/android/receipts/creator/ReceiptCreateActionPresenter.java,subscribe(),analytics.record(Events.Receipts.AddTextReceipt),,,,,,
264,https://github.com/mozilla-tw/FirefoxLite,FirefoxLite/app/src/main/java/org/mozilla/rocket/menu/PrivateWebContextMenu.java,"setupMenuForHitTarget(boolean,Dialog,NavigationView,DownloadCallback,HitTarget,MenuItem,String)",TelemetryWrapper.copyLinkEvent(),,,,,,
1090,https://github.com/alexstyl/Memento-Calendar,Memento-Calendar/android_mobile/src/main/java/com/alexstyl/specialdates/analytics/CompositeAnalytics.java,kotlin_cannot_identify,it.trackExistingImagePicked(),,,,,,
586,https://github.com/romannurik/muzei,muzei/main/src/main/java/com/google/android/apps/muzei/quicksettings/NextArtworkTileService.java,kotlin_cannot_identify,"Firebase.analytics.logEvent(""tile_next_artwork_added"", null)",,,,,,
725,https://github.com/OneBusAway/onebusaway-android,onebusaway-android/onebusaway-android/src/main/java/org/onebusaway/android/util/BackupUtils.java,doRestore(Context),"ObaAnalytics.reportUiEvent(FirebaseAnalytics.getInstance(activityContext), context.getString(R.string.analytics_label_button_press_restore_preference), null)",,,,,,
832,https://github.com/RocketChat/Rocket.Chat.Android,Rocket.Chat.Android/app/src/main/java/chat/rocket/android/analytics/AnalyticsManager.java,kotlin_cannot_identify,"it.logServerSwitch(serverUrl, accounts.size)",,,,,,
932,https://github.com/edx/edx-app-android,edx-app-android/OpenEdXMobile/src/main/java/org/edx/mobile/googlecast/GoogleCastDelegate.java,"onSessionStarted(CastSession,String)","analyticsRegistry.trackCastDeviceConnectionChanged(Analytics.Events.CAST_CONNECTED, Analytics.Values.CAST_CONNECTED, Analytics.Values.GOOGLE_CAST)",,,,,,
244,https://github.com/mozilla-tw/FirefoxLite,FirefoxLite/app/src/main/java/org/mozilla/focus/fragment/BookmarksFragment.java,onItemClicked(String),TelemetryWrapper.bookmarkOpenItem(),,,,,,
199,https://github.com/mozilla-tw/ScreenshotGo,ScreenshotGo/app/src/main/java/org/mozilla/scryer/detailpage/DetailPageActivity.java,kotlin_cannot_identify,"TelemetryWrapper.viewTextInScreenshot(textRecognitionResultForTelemetry(TelemetryWrapper.Value.SUCCESS, result.value))",,,,,,
988,https://github.com/klinker-apps/talon-for-twitter-android,talon-for-twitter-android/app/src/main/java/com/klinker/android/twitter_l/activities/setup/material_login/MaterialLogin.java,onDonePressed(),AnalyticsHelper.finishLogin(this),,,,,,
210,https://github.com/mozilla-tw/ScreenshotGo,ScreenshotGo/app/src/main/java/org/mozilla/scryer/landingpage/HomeFragment.java,kotlin_cannot_identify,"TelemetryWrapper.clickShareApp(TelemetryWrapper.ExtraValue.FROM_PROMPT, reasonForTelemetry)",,,,,,
750,https://github.com/OneBusAway/onebusaway-android,onebusaway-android/onebusaway-android/src/main/java/org/onebusaway/android/nav/NavigationServiceProvider.java,checkProximityAll(Location),"ObaAnalytics.reportUiEvent(mFirebaseAnalytics, Application.get().getString(R.string.analytics_label_destination_reminder), Application.get().getString(R.string.analytics_label_destination_reminder_variant_get_ready))",,,,,,
432,https://github.com/Phantast/smartnavi,smartnavi/smartnaviapp/src/main/java/com/ilm/sandwich/GoogleMap.java,"onMapReady(com,.,google,.,android,.,gms,.,maps,.,GoogleMap,Marker,LatLng,LatLng,AdapterView,?,View,int,long)","mFirebaseAnalytics.logEvent(""SetPosition_after_Longpress"", null)",,,,,,
197,https://github.com/mozilla-tw/ScreenshotGo,ScreenshotGo/app/src/main/java/org/mozilla/scryer/detailpage/DetailPageActivity.java,kotlin_cannot_identify,TelemetryWrapper.clickLinkInExtractedText() ,,,,,,
842,https://github.com/RocketChat/Rocket.Chat.Android,Rocket.Chat.Android/app/src/main/java/chat/rocket/android/analytics/AnalyticsManager.java,kotlin_cannot_identify,it.logMessageActionEdit(),,,,,,
323,https://github.com/antest1/kcanotify,kcanotify/app/src/main/java/com/antest1/kcanotify/ToolsActivity.java,onCreate(Bundle),"sendUserAnalytics(getApplicationContext(), OPEN_TOOL.concat(""FleetInfo""), null)",,,,,,
1258,https://github.com/StepicOrg/stepik-android,stepik-android/app/src/main/java/org/stepic/droid/core/presenters/SplashPresenter.java,kotlin_cannot_identify,"analytic.reportEvent(Analytic.Interaction.START_SPLASH_EXPERT, numberOfLaunches.toString() + """")",,,,,,
130,https://github.com/blockchain/My-Wallet-V3-Android,My-Wallet-V3-Android/app/src/main/java/piuk/blockchain/android/ui/dashboard/DashboardFragment.java,kotlin_cannot_identify,analytics.logEvent(SimpleBuyAnalytics.BANK_DETAILS_CANCEL_CONFIRMED) ,,,,,,
338,https://github.com/wbaumann/SmartReceiptsLibrary,SmartReceiptsLibrary/app/src/main/java/co/smartreceipts/android/receipts/creator/ReceiptCreateActionPresenter.java,subscribe(),analytics.record(Events.Receipts.AddPictureReceipt),,,,,,
873,https://github.com/edx/edx-app-android,edx-app-android/OpenEdXMobile/src/main/java/org/edx/mobile/module/analytics/AnalyticsRegistry.java,"trackShowTranscript(String,Double,String,String)","service.trackShowTranscript(videoId, currentTime, courseId, unitUrl)",,,,,,
44,https://github.com/TomTasche/OpenDocument.droid,OpenDocument.droid/app/src/main/java/at/tomtasche/reader/ui/activity/MainActivity.java,onOptionsItemSelected(MenuItem),"analyticsManager.report(""menu_share"")",,,,,,
746,https://github.com/OneBusAway/onebusaway-android,onebusaway-android/onebusaway-android/src/main/java/org/onebusaway/android/report/ui/dialog/CustomerServiceDialog.java,"initView(View,ObaAgencyWithCoverage)","ObaAnalytics.reportUiEvent(mFirebaseAnalytics, agency.getName() + ""_"" + getString(R.string.analytics_customer_service), getString(R.string.analytics_label_customer_service_email_without_location))",,,,,,
326,https://github.com/antest1/kcanotify,kcanotify/app/src/main/java/com/antest1/kcanotify/ToolsActivity.java,onCreate(Bundle),"sendUserAnalytics(getApplicationContext(), OPEN_TOOL.concat(""DropLog""), null)",,,,,,
200,https://github.com/mozilla-tw/ScreenshotGo,ScreenshotGo/app/src/main/java/org/mozilla/scryer/detailpage/DetailPageActivity.java,kotlin_cannot_identify,TelemetryWrapper.clickOnTextBlock(),,,,,,
31,https://github.com/TomTasche/OpenDocument.droid,OpenDocument.droid/app/src/main/java/at/tomtasche/reader/background/FileLoader.java,"callOnError(Result,Throwable)","analyticsManager.report(""loader_error_"" + type, FirebaseAnalytics.Param.CONTENT_TYPE, result.options.fileType, FirebaseAnalytics.Param.CONTENT, result.options.fileExtension)",,,,,,
560,https://github.com/romannurik/muzei,muzei/main/src/main/java/com/google/android/apps/muzei/ArtDetailFragment.java,kotlin_cannot_identify,"Firebase.analytics.logEvent(""about_open"", null) ",,,,,,
169,https://github.com/blockchain/My-Wallet-V3-Android,My-Wallet-V3-Android/app/src/main/java/piuk/blockchain/android/simplebuy/SimpleBuyBankDetailsFragment.java,kotlin_cannot_identify,analytics.logEvent(SimpleBuyAnalytics.BANK_DETAILS_FINISHED) ,,,,,,
818,https://github.com/RocketChat/Rocket.Chat.Android,Rocket.Chat.Android/app/src/main/java/chat/rocket/android/chatroom/presentation/ChatRoomPresenter.java,kotlin_cannot_identify,analyticsManager.logMessageSent(SubscriptionTypeEvent.DirectMessage) ,,,,,,
149,https://github.com/blockchain/My-Wallet-V3-Android,My-Wallet-V3-Android/app/src/main/java/piuk/blockchain/android/ui/dashboard/announcements/rule/PitAnnouncement.java,kotlin_cannot_identify,analytics.logEvent(PitAnalyticsEvent.AnnouncementTappedEvent) ,,,,,,
940,https://github.com/edx/edx-app-android,edx-app-android/OpenEdXMobile/src/main/java/org/edx/mobile/services/VideoDownloadHelper.java,"downloadVideo(DownloadEntry,FragmentActivity,DownloadManagerCallback)","analyticsRegistry.trackSingleVideoDownload(downloadEntry.getVideoId(), downloadEntry.getEnrollmentId(), downloadEntry.getVideoUrl())",,,,,,
908,https://github.com/edx/edx-app-android,edx-app-android/OpenEdXMobile/src/main/java/org/edx/mobile/view/CourseTabsDashboardFragment.java,getFragmentItems(),"analyticsRegistry.trackScreenView(Analytics.Screens.COURSE_DATES, courseData.getCourse().getId(), null)",,,,,,
867,https://github.com/edx/edx-app-android,edx-app-android/OpenEdXMobile/src/main/java/org/edx/mobile/module/analytics/AnalyticsRegistry.java,"trackVideoLoading(String,String,String)","service.trackVideoLoading(videoId, courseId, unitUrl)",,,,,,
1042,https://github.com/jorgegil96/All-NBA,All-NBA/app/src/main/java/com/gmail/jorgegilcavazos/ballislife/features/posts/PostsFragment.java,onResume(),"eventLogger.setCurrentScreen(getActivity(), SwishScreen.POSTS)",,,,,,
693,https://github.com/OneBusAway/onebusaway-android,onebusaway-android/onebusaway-android/src/main/java/org/onebusaway/android/ui/PreferencesActivity.java,"onPreferenceChange(Preference,Object)","ObaAnalytics.setSendAnonymousData(mFirebaseAnalytics, isAnalyticsActive)",,,,,,
231,https://github.com/mozilla-tw/FirefoxLite,FirefoxLite/app/src/main/java/org/mozilla/focus/widget/TelemetrySwitchPreference.java,"onBindView(View,CompoundButton,boolean,View,Preference)",TelemetryWrapper.settingsLearnMoreClickEvent(getContext().getString(R.string.pref_key_telemetry)),,,,,,
1175,https://github.com/google/santa-tracker-android,santa-tracker-android/tracker/src/main/java/com/google/android/apps/santatracker/tracker/ui/TrackerActivity.java,kotlin_cannot_identify,"MeasurementManager.recordCustomEvent(firebaseAnalytics, getString(com.google.android.apps.santatracker.common .R.string.analytics_event_category_cast), getString(com.google.android.apps.santatracker.common .R.string.analytics_cast_overlayshown))",,,,,,
439,https://github.com/Phantast/smartnavi,smartnavi/smartnaviapp/src/main/java/com/ilm/sandwich/fragments/RatingFragment.java,"onViewCreated(View,Bundle)","mFirebaseAnalytics.logEvent(""Rating_Popup_Shown"", null)",,,,,,
329,https://github.com/antest1/kcanotify,kcanotify/app/src/main/java/com/antest1/kcanotify/ToolsActivity.java,onCreate(Bundle),"sendUserAnalytics(getApplicationContext(), OPEN_TOOL.concat(""ExperienceCalc""), null)",,,,,,
29,https://github.com/TomTasche/OpenDocument.droid,OpenDocument.droid/app/src/main/java/at/tomtasche/reader/nonfree/AnalyticsManager.java,"report(String,String,Object)","report(event, key, value, null, null)",,,,,,
676,https://github.com/OneBusAway/onebusaway-android,onebusaway-android/onebusaway-android/src/main/java/org/onebusaway/android/ui/ArrivalsListFragment.java,doShowHideHeaderArrivals(),"ObaAnalytics.reportUiEvent(mFirebaseAnalytics, getString(R.string.analytics_label_hide_arrivals_in_header), null)",,,,,,
584,https://github.com/romannurik/muzei,muzei/main/src/main/java/com/google/android/apps/muzei/legacy/LegacySourceInfoFragment.java,kotlin_cannot_identify,"Firebase.analytics.logEvent(""legacy_source_info_app_info_open"") ",,,,,,
861,https://github.com/edx/edx-app-android,edx-app-android/OpenEdXMobile/src/main/java/org/edx/mobile/module/analytics/AnalyticsRegistry.java,trackUserLogin(String),service.trackUserLogin(method),,,,,,
720,https://github.com/OneBusAway/onebusaway-android,onebusaway-android/onebusaway-android/src/main/java/org/onebusaway/android/ui/HomeActivity.java,setupMyLocationButton(),"ObaAnalytics.reportUiEvent(mFirebaseAnalytics, getString(R.string.analytics_label_button_press_location), null)",,,,,,
981,https://github.com/yukuku/androidbible,androidbible/Alkitab/src/main/java/yuku/alkitab/base/IsiActivity.java,kotlin_cannot_identify,"Tracker.trackEvent(""left_drawer_progress_mark_pin_click_succeed"") ",,,,,,
4,https://github.com/OneSignal/OneSignal-Android-SDK,OneSignal-Android-SDK/OneSignalSDK/onesignal/src/main/java/com/onesignal/OneSignal.java,"handleNotificationReceived(JSONArray,boolean,boolean)",trackFirebaseAnalytics.trackReceivedEvent(openResult),,,,,,
101,https://github.com/blockchain/My-Wallet-V3-Android,My-Wallet-V3-Android/app/src/main/java/piuk/blockchain/android/ui/activity/detail/ActivityDetailsBottomSheet.java,kotlin_cannot_identify,analytics.logEvent(ActivityAnalytics.DETAILS_BUY_PURCHASE_AGAIN) ,,,,,,
1344,https://github.com/niranjan94/show-java,show-java/app/src/main/kotlin/com/njlabs/showjava/activities/purchase/PurchaseActivity.java,kotlin_cannot_identify,"firebaseAnalytics.logEvent(FirebaseAnalytics.Event.CHECKOUT_PROGRESS, null) ",,,,,,
1198,https://github.com/StepicOrg/stepik-android,stepik-android/app/src/main/java/org/stepic/droid/ui/dialogs/StepShareDialog.java,"onCreate(Bundle,View,View,View)",analytic.reportEvent(Analytic.Steps.SHARE_ALL),,,,,,
614,https://github.com/evercam/evercam-android,evercam-android/evercamPlay/src/main/java/io/evercam/androidapp/CamerasActivity.java,onClick(View),"mFirebaseAnalytics.logEvent(""Menu"", bundle)",,,,,,
1054,https://github.com/jorgegil96/All-NBA,All-NBA/app/src/main/java/com/gmail/jorgegilcavazos/ballislife/analytics/EventLogger.java,kotlin_cannot_identify,"firebaseAnalytics.logEvent(event.eventName, params)",,,,,,
236,https://github.com/mozilla-tw/FirefoxLite,FirefoxLite/app/src/main/java/org/mozilla/focus/notification/NotificationActionBroadcastReceiver.java,"onReceive(Context,Intent)","TelemetryWrapper.clickRateApp(TelemetryWrapper.Value.POSITIVE, TelemetryWrapper.Extra_Value.NOTIFICATION)",,,,,,
453,https://github.com/jeisfeld/Augendiagnose,Augendiagnose/AugendiagnoseIdea/augendiagnoseLib/src/main/java/de/jeisfeld/augendiagnoselib/util/imagefile/JpegSynchronizationUtil.java,"triggerJpegSaverTask(String,JpegMetadata)","TrackingUtil.sendEvent(Category.EVENT_USER, ""Save image"", null)",,,,,,
94,https://github.com/blockchain/My-Wallet-V3-Android,My-Wallet-V3-Android/app/src/main/java/piuk/blockchain/android/ui/kyc/countryselection/KycCountrySelectionFragment.java,kotlin_cannot_identify,analytics.logEvent(KYCAnalyticsEvents.CountrySelected) ,,,,,,
1063,https://github.com/alexstyl/Memento-Calendar,Memento-Calendar/android_mobile/src/main/java/com/alexstyl/specialdates/facebook/login/FacebookLogInActivity.java,animateAvatarWithBounce(View),analytics.trackOnAvatarBounce(),,,,,,
230,https://github.com/mozilla-tw/FirefoxLite,FirefoxLite/app/src/main/java/org/mozilla/focus/widget/CleanBrowsingDataPreference.java,onDialogClosed(boolean),"TelemetryWrapper.settingsEvent(getKey(), value, false)",,,,,,
1046,https://github.com/jorgegil96/All-NBA,All-NBA/app/src/main/java/com/gmail/jorgegilcavazos/ballislife/features/highlights/home/HighlightsFragment.java,logExplorePremiumFromSorting(),"eventLogger.logEvent(SwishEvent.GO_PREMIUM, params)",,,,,,
569,https://github.com/romannurik/muzei,muzei/main/src/main/java/com/google/android/apps/muzei/ChooseProviderFragment.java,kotlin_cannot_identify,"Firebase.analytics.logEvent(""choose_provider_reselected"", null) ",,,,,,
179,https://github.com/blockchain/My-Wallet-V3-Android,My-Wallet-V3-Android/app/src/main/java/piuk/blockchain/android/simplebuy/SimpleBuySelectCurrencyFragment.java,kotlin_cannot_identify,analytics.logEvent(SimpleBuyAnalytics.CURRENCY_NOT_SUPPORTED_SKIP) ,,,,,,
54,https://github.com/TomTasche/OpenDocument.droid,OpenDocument.droid/app/src/main/java/at/tomtasche/reader/ui/activity/MainActivity.java,"buyAdRemoval(DialogInterface,int)",analyticsManager.report(FirebaseAnalytics.Event.ADD_TO_CART),,,,,,
343,https://github.com/wbaumann/SmartReceiptsLibrary,SmartReceiptsLibrary/app/src/main/java/co/smartreceipts/android/receipts/attacher/ReceiptAttachmentManager.java,"attachFile(Fragment,boolean)",analytics.record(newReceipt ? Events.Receipts.ReceiptImportPdf : Events.Receipts.ReceiptAttachFile),,,,,,
178,https://github.com/blockchain/My-Wallet-V3-Android,My-Wallet-V3-Android/app/src/main/java/piuk/blockchain/android/simplebuy/SimpleBuySelectCurrencyFragment.java,kotlin_cannot_identify,analytics.logEvent(SimpleBuyAnalytics.CURRENCY_NOT_SUPPORTED_CHANGE) ,,,,,,
969,https://github.com/yukuku/androidbible,androidbible/Alkitab/src/main/java/yuku/alkitab/base/IsiActivity.java,kotlin_cannot_identify,"Tracker.trackEvent(""nav_search_click"") ",,,,,,
325,https://github.com/antest1/kcanotify,kcanotify/app/src/main/java/com/antest1/kcanotify/ToolsActivity.java,onCreate(Bundle),"sendUserAnalytics(getApplicationContext(), OPEN_TOOL.concat(""EquipList""), null)",,,,,,
269,https://github.com/mozilla-tw/FirefoxLite,FirefoxLite/app/src/main/java/org/mozilla/focus/settings/SettingsFragment.java,kotlin_cannot_identify,TelemetryWrapper.clickPrivateShortcutItemInSettings() ,,,,,,
533,https://github.com/mopsalarm/Pr0,Pr0/app/src/main/java/com/pr0gramm/app/ui/fragments/PostFragment.java,kotlin_cannot_identify,Track.viewItem(feedItem.id),,,,,,
1238,https://github.com/StepicOrg/stepik-android,stepik-android/app/src/main/java/org/stepic/droid/ui/activities/SmartLockActivityBase.java,kotlin_cannot_identify,analytic.reportEvent(Analytic.SmartLock.PROMPT_CREDENTIAL_RETRIEVED) ,,,,,,
26,https://github.com/TomTasche/OpenDocument.droid,OpenDocument.droid/app/src/main/java/at/tomtasche/reader/nonfree/AdManager.java,onAdClosed(),"analyticsManager.report(""ads_"" + prefix + ""_closed"")",,,,,,
650,https://github.com/Jigsaw-Code/intra,intra/Android/app/src/main/java/app/intra/sys/firebase/AnalyticsWrapper.java,"logTCP(long,long,int,int,int)","log(Events.BYTES, new BundleBuilder() .put(Params.UPLOAD, upload) .put(Params.DOWNLOAD, download) .put(Params.PORT, port) .put(Params.TCP_HANDSHAKE_MS, tcpHandshakeMs) .put(Params.DURATION, duration))",,,,,,
672,https://github.com/OneBusAway/onebusaway-android,onebusaway-android/onebusaway-android/src/main/java/org/onebusaway/android/ui/ArrivalsListFragment.java,"showListItemMenu(View,ArrivalInfo,DialogInterface,int)","ObaAnalytics.reportUiEvent(mFirebaseAnalytics, getActivity().getString(R.string.analytics_label_button_press_about_occupancy), null)",,,,,,
802,https://github.com/1hakr/AnExplorer,AnExplorer/app/src/main/java/dev/dworks/apps/anexplorer/fragment/HomeFragment.java,cleanRAM(),"AnalyticsManager.logEvent(""process_clean"", params)",,,,,,
361,https://github.com/wbaumann/SmartReceiptsLibrary,SmartReceiptsLibrary/app/src/main/java/co/smartreceipts/android/fragments/GenerateReportFragment.java,onClick(View),analytics.record(Events.Generate.ZipReport),,,,,,
481,https://github.com/google/iosched,iosched/mobile/src/main/java/com/google/samples/apps/iosched/ui/feed/FeedViewModel.java,kotlin_cannot_identify,"analyticsHelper.logUiEvent(moment.title.toString(), AnalyticsActions.HOME_TO_MAP) ",,,,,,
801,https://github.com/1hakr/AnExplorer,AnExplorer/app/src/main/java/dev/dworks/apps/anexplorer/fragment/HomeFragment.java,"onItemViewClick(HomeAdapter,.,ViewHolder,View,int)","AnalyticsManager.logEvent(""storage_analyze"", params)",,,,,,
358,https://github.com/wbaumann/SmartReceiptsLibrary,SmartReceiptsLibrary/app/src/main/java/co/smartreceipts/android/fragments/GenerateReportFragment.java,onClick(View),analytics.record(Events.Generate.ImagesPdfReport),,,,,,
273,https://github.com/mozilla-tw/FirefoxLite,FirefoxLite/app/src/main/java/org/mozilla/focus/activity/MainActivity.java,kotlin_cannot_identify,DialogUtils.showDefaultSettingNotification(this) ,,,,,,
12,https://github.com/TomTasche/OpenDocument.droid,OpenDocument.droid/app/src/main/java/at/tomtasche/reader/nonfree/BillingManager.java,"onPurchasesUpdated(BillingResult,List,Purchase)",analyticsManager.report(FirebaseAnalytics.Event.REMOVE_FROM_CART),,,,,,
1129,https://github.com/SebastianRask/Pocket-Plays-for-Twitch,Pocket-Plays-for-Twitch/app/src/main/java/com/sebastianrask/bettersubscription/activities/UsageTrackingAppCompatActivity.java,"trackEvent(String,String)","PocketPlaysApplication.trackEvent(category, action, null, null)",,,,,,
774,https://github.com/1hakr/AnExplorer,AnExplorer/app/src/main/java/dev/dworks/apps/anexplorer/DocumentsActivity.java,menuAction(MenuItem),"AnalyticsManager.logEvent(""support_open"")",,,,,,
640,https://github.com/Jigsaw-Code/intra,intra/Android/app/src/main/java/app/intra/sys/IntraVpnService.java,signalStopService(boolean),"LogWrapper.log( Log.INFO, LOG_TAG, String.format(""Received stop signal. User initiated: %b"", userInitiated))",,,,,,
1243,https://github.com/StepicOrg/stepik-android,stepik-android/app/src/main/java/org/stepic/droid/ui/activities/MainFeedActivity.java,kotlin_cannot_identify,analytic.reportEvent(Analytic.Shortcut.OPEN_CATALOG),,,,,,
999,https://github.com/HearthSim/arcane_tracker,arcane_tracker/kotlin-hsreplay-api/src/commonMain/kotlin/net/hearthsim/hsreplay/AccessTokenProvider.java,kotlin_cannot_identify,"analytics.logEvent(""refresh_error"", mapOf(""status"" to code.toString()))",,,,,,
1094,https://github.com/alexstyl/Memento-Calendar,Memento-Calendar/android_mobile/src/main/java/com/alexstyl/specialdates/analytics/CompositeAnalytics.java,kotlin_cannot_identify,it.trackDailyReminderEnabled(),,,,,,
897,https://github.com/edx/edx-app-android,edx-app-android/OpenEdXMobile/src/main/java/org/edx/mobile/module/analytics/AnalyticsRegistry.java,"trackUndoingUnitVideoDelete(String,String)","service.trackUndoingUnitVideoDelete(courseId, unitId)",,,,,,
1329,https://github.com/StepicOrg/stepik-android,stepik-android/app/src/main/java/org/stepik/android/view/lesson/ui/activity/LessonActivity.java,kotlin_cannot_identify,"analytic.reportEvent(Analytic.Streak.SHOW_DIALOG_POSITIVE_STREAKS, streakDays.toString()) ",,,,,,
893,https://github.com/edx/edx-app-android,edx-app-android/OpenEdXMobile/src/main/java/org/edx/mobile/module/analytics/AnalyticsRegistry.java,"trackWhatsNewSeen(String,int)","service.trackWhatsNewSeen(versionName, totalScreens)",,,,,,
263,https://github.com/mozilla-tw/FirefoxLite,FirefoxLite/app/src/main/java/org/mozilla/rocket/menu/PrivateWebContextMenu.java,"setupMenuForHitTarget(boolean,Dialog,NavigationView,DownloadCallback,HitTarget,MenuItem,String)",TelemetryWrapper.saveImageEvent(),,,,,,
938,https://github.com/edx/edx-app-android,edx-app-android/OpenEdXMobile/src/main/java/org/edx/mobile/services/VideoDownloadHelper.java,"startDownloadVideos(List,?,HasDownloadEntry,FragmentActivity,DownloadManagerCallback)","analyticsRegistry.trackSubSectionBulkVideoDownload(downloadEntry.getSectionName(), downloadEntry.getChapterName(), downloadEntry.getEnrollmentId(), downloadCount)",,,,,,
386,https://github.com/wbaumann/SmartReceiptsLibrary,SmartReceiptsLibrary/app/src/main/java/co/smartreceipts/android/activities/SmartReceiptsActivity.java,onOptionsItemSelected(MenuItem),analytics.record(Events.Navigation.SmartReceiptsPlusOverflow),,,,,,
359,https://github.com/wbaumann/SmartReceiptsLibrary,SmartReceiptsLibrary/app/src/main/java/co/smartreceipts/android/fragments/GenerateReportFragment.java,onClick(View),analytics.record(Events.Generate.CsvReport),,,,,,
229,https://github.com/mozilla-tw/FirefoxLite,FirefoxLite/app/src/main/java/org/mozilla/focus/widget/TurboSwitchPreference.java,"onBindView(View,CompoundButton,boolean,View,Preference)",TelemetryWrapper.settingsLearnMoreClickEvent(getContext().getString(R.string.pref_key_turbo_mode)),,,,,,
297,https://github.com/mozilla-tw/FirefoxLite,FirefoxLite/app/src/main/java/org/mozilla/rocket/component/LaunchIntentDispatcher.java,kotlin_cannot_identify,TelemetryWrapper.launchByHomeScreenShortcutEvent(),,,,,,
795,https://github.com/1hakr/AnExplorer,AnExplorer/app/src/main/java/dev/dworks/apps/anexplorer/fragment/DirectoryFragment.java,"deleteDocument(ArrayList,DocumentInfo,int)","AnalyticsManager.logEvent(""uninstall"", params)",,,,,,
772,https://github.com/1hakr/AnExplorer,AnExplorer/app/src/main/java/dev/dworks/apps/anexplorer/DocumentsActivity.java,menuAction(MenuItem),"AnalyticsManager.logEvent(""about_open"")",,,,,,
696,https://github.com/OneBusAway/onebusaway-android,onebusaway-android/onebusaway-android/src/main/java/org/onebusaway/android/ui/PreferencesActivity.java,"onSharedPreferenceChanged(SharedPreferences,String)","ObaAnalytics.reportUiEvent(mFirebaseAnalytics, getString(R.string.analytics_label_button_press_experimental_off), null)",,,,,,
1218,https://github.com/StepicOrg/stepik-android,stepik-android/app/src/main/java/org/stepic/droid/core/ScreenManagerImpl.java,showSettings(Activity),analytic.reportEvent(Analytic.Screens.SHOW_SETTINGS),,,,,,
348,https://github.com/wbaumann/SmartReceiptsLibrary,SmartReceiptsLibrary/app/src/main/java/co/smartreceipts/android/settings/widget/SettingsActivity.java,onPurchaseFailed(PurchaseSource),"analytics.record(new DefaultDataPointEvent(Events.Purchases.PurchaseFailed).addDataPoint(new DataPoint(""source"", purchaseSource)))",,,,,,
266,https://github.com/mozilla-tw/FirefoxLite,FirefoxLite/app/src/main/java/org/mozilla/rocket/menu/PrivateWebContextMenu.java,"openInNewTab(TabView,Dialog,String)",TelemetryWrapper.addNewTabFromContextMenu(),,,,,,
764,https://github.com/1hakr/AnExplorer,AnExplorer/app/src/main/java/dev/dworks/apps/anexplorer/NoteActivity.java,onMenuAction(MenuItem),"AnalyticsManager.logEvent(""text_revert"")",,,,,,
287,https://github.com/mozilla-tw/FirefoxLite,FirefoxLite/app/src/main/java/org/mozilla/focus/telemetry/TelemetryWrapper.java,kotlin_cannot_identify,clickFindInPagePrevious() ,,,,,,
804,https://github.com/1hakr/AnExplorer,AnExplorer/app/src/main/java/dev/dworks/apps/anexplorer/fragment/ConnectionsFragment.java,"deleteConnection(int,DialogInterface,int)","AnalyticsManager.logEvent(""connection_delete"")",,,,,,
571,https://github.com/romannurik/muzei,muzei/main/src/main/java/com/google/android/apps/muzei/ChooseProviderFragment.java,kotlin_cannot_identify,Firebase.analytics.logEvent(FirebaseAnalytics.Event.VIEW_ITEM) ,,,,,,
920,https://github.com/edx/edx-app-android,edx-app-android/OpenEdXMobile/src/main/java/org/edx/mobile/view/CourseUpgradeWebViewFragment.java,onCoursePaymentSuccessful(),"analyticsRegistry.trackCourseUpgradeSuccess(courseUnit.getId(), courseData.getCourse().getId(), courseUnit.getBlockId())",,,,,,
72,https://github.com/blockchain/My-Wallet-V3-Android,My-Wallet-V3-Android/core/src/main/java/piuk/blockchain/androidcore/utils/extensions/RxLogErrorExtensions.java,kotlin_cannot_identify,"analytics.logEvent(networkError(host, path, message()))",,,,,,
134,https://github.com/blockchain/My-Wallet-V3-Android,My-Wallet-V3-Android/app/src/main/java/piuk/blockchain/android/ui/dashboard/sheets/CustodyWalletIntroSheet.java,kotlin_cannot_identify,analytics.logEvent(SimpleBuyAnalytics.CUSTODY_WALLET_CARD_CLICKED) ,,,,,,
621,https://github.com/evercam/evercam-android,evercam-android/evercamPlay/src/main/java/io/evercam/androidapp/video/VideoActivity.java,onFirstJpgLoaded(),"mFirebaseAnalytics.logEvent(""JPG_Streaming"", bundle)",,,,,,
639,https://github.com/Jigsaw-Code/intra,intra/Android/app/src/main/java/app/intra/sys/IntraVpnService.java,onCreate(),"LogWrapper.log(Log.INFO, LOG_TAG, ""Creating DNS VPN service"")",,,,,,
643,https://github.com/Jigsaw-Code/intra,intra/Android/app/src/main/java/app/intra/sys/IntraVpnService.java,onDestroy(),"LogWrapper.log(Log.INFO, LOG_TAG, ""Destroying DNS VPN service"")",,,,,,
19,https://github.com/TomTasche/OpenDocument.droid,OpenDocument.droid/app/src/main/java/at/tomtasche/reader/nonfree/AdManager.java,onRewardedVideoAdLeftApplication(),"analyticsManager.report(""ads_video_left"")",,,,,,
995,https://github.com/harismuneer/Wanderlust-The-Travellers-App,Wanderlust-The-Travellers-App/app/src/main/java/com/project/wanderlust/Activities/ActivityRegisterPhoneNumber.java,"onRequestPermissionsResult(int,String,[],int,[])","mFirebaseAnalytics.logEvent(""permissions_given"", params)",,,,,,
1312,https://github.com/StepicOrg/stepik-android,stepik-android/app/src/main/java/org/stepik/android/view/notification/helpers/NotificationHelperImpl.java,kotlin_cannot_identify,analytic.reportEvent(Analytic.Notification.NIGHT_WITHOUT_SOUND_AND_VIBRATE),,,,,,
245,https://github.com/mozilla-tw/FirefoxLite,FirefoxLite/app/src/main/java/org/mozilla/focus/fragment/BookmarksFragment.java,onItemDeleted(BookmarkModel),TelemetryWrapper.bookmarkRemoveItem(),,,,,,
24,https://github.com/TomTasche/OpenDocument.droid,OpenDocument.droid/app/src/main/java/at/tomtasche/reader/nonfree/AdManager.java,onAdClicked(),"analyticsManager.report(""ads_"" + prefix + ""_clicked"")",,,,,,
277,https://github.com/mozilla-tw/FirefoxLite,FirefoxLite/app/src/main/java/org/mozilla/focus/utils/DialogUtils.java,kotlin_cannot_identify,"clickRateApp(value, TelemetryWrapper.Extra_Value.CONTEXTUAL_HINTS)",,,,,,
205,https://github.com/mozilla-tw/ScreenshotGo,ScreenshotGo/app/src/main/java/org/mozilla/scryer/landingpage/HomeFragment.java,kotlin_cannot_identify,TelemetryWrapper.visitHomePage(),,,,,,
972,https://github.com/yukuku/androidbible,androidbible/Alkitab/src/main/java/yuku/alkitab/base/IsiActivity.java,kotlin_cannot_identify,"Tracker.trackEvent(""nav_right_click"") ",,,,,,
375,https://github.com/wbaumann/SmartReceiptsLibrary,SmartReceiptsLibrary/app/src/main/java/co/smartreceipts/android/ocr/widget/configuration/OcrConfigurationFragment.java,onCreate(Bundle),analytics.record(Events.Ocr.OcrViewConfigurationPage),,,,,,
271,https://github.com/mozilla-tw/FirefoxLite,FirefoxLite/app/src/main/java/org/mozilla/focus/settings/SettingsFragment.java,kotlin_cannot_identify,"TelemetryWrapper.settingsEvent(key, sharedPreferences.all[key].toString(), false)",,,,,,
628,https://github.com/jeffdcamp/android-template,android-template/app/src/main/kotlin/org/jdc/template/ux/individual/IndividualViewModel.java,kotlin_cannot_identify,analytics.logEvent(Analytics.EVENT_EDIT_INDIVIDUAL) ,,,,,,
850,https://github.com/edx/edx-app-android,edx-app-android/OpenEdXMobile/src/main/java/org/edx/mobile/module/analytics/AnalyticsRegistry.java,trackScreenView(String),"trackScreenView(screenName, null, null)",,,,,,
344,https://github.com/wbaumann/SmartReceiptsLibrary,SmartReceiptsLibrary/app/src/main/java/co/smartreceipts/android/receipts/editor/ReceiptCreateEditFragment.java,onCreate(Bundle),analytics.record(Events.Informational.ClickedManageCategories),,,,,,
498,https://github.com/tasomaniac/OpenLinkWith,OpenLinkWith/app/src/main/java/com/tasomaniac/openwith/settings/other/OtherSettings.java,kotlin_cannot_identify,"analytics.sendEvent(""Preference"", ""Item Click"", preference.key)",,,,,,
618,https://github.com/evercam/evercam-android,evercam-android/evercamPlay/src/main/java/io/evercam/androidapp/video/VideoActivity.java,readShortcutCameraId(),"mFirebaseAnalytics.logEvent(""Home_Shortcut"", bundle)",,,,,,
117,https://github.com/blockchain/My-Wallet-V3-Android,My-Wallet-V3-Android/app/src/main/java/piuk/blockchain/android/ui/swap/homebrew/exchange/SwapInfoBottomDialog.java,kotlin_cannot_identify,analytics.logEvent(SwapAnalyticsEvents.SwapViewHistoryButtonClick) ,,,,,,
978,https://github.com/yukuku/androidbible,androidbible/Alkitab/src/main/java/yuku/alkitab/base/IsiActivity.java,kotlin_cannot_identify,"Tracker.trackEvent(""left_drawer_progress_mark_list_click"")",,,,,,
705,https://github.com/OneBusAway/onebusaway-android,onebusaway-android/onebusaway-android/src/main/java/org/onebusaway/android/ui/HomeActivity.java,goToNavDrawerItem(int),"ObaAnalytics.reportUiEvent(mFirebaseAnalytics, getString(R.string.analytics_label_button_press_star), null)",,,,,,
391,https://github.com/wbaumann/SmartReceiptsLibrary,SmartReceiptsLibrary/app/src/main/java/co/smartreceipts/android/activities/SmartReceiptsActivity.java,"onPurchaseSuccess(InAppPurchase,PurchaseSource)","analytics.record(new DefaultDataPointEvent(Events.Purchases.PurchaseSuccess).addDataPoint(new DataPoint(""sku"", inAppPurchase.getSku())).addDataPoint(new DataPoint(""source"", purchaseSource)))",,,,,,
1272,https://github.com/StepicOrg/stepik-android,stepik-android/app/src/main/java/org/stepik/android/view/course_content/ui/fragment/CourseContentFragment.java,kotlin_cannot_identify,analytic.reportEvent(Analytic.DownloaderV2.CLICK_SETTINGS_SECTIONS) ,,,,,,
1069,https://github.com/alexstyl/Memento-Calendar,Memento-Calendar/memento/src/main/java/com/alexstyl/specialdates/addevent/AddEventsPresenter.java,kotlin_cannot_identify,analytics.trackEventRemoved(eventType) ,,,,,,
1249,https://github.com/StepicOrg/stepik-android,stepik-android/app/src/main/java/org/stepic/droid/ui/activities/MainFeedActivity.java,kotlin_cannot_identify,analytic.reportEvent(Analytic.Streak.EARLY_NOTIFICATION_COMPLETE) ,,,,,,
450,https://github.com/jeisfeld/Augendiagnose,Augendiagnose/AugendiagnoseIdea/augendiagnoseLib/src/main/java/de/jeisfeld/augendiagnoselib/util/PreferenceUtil.java,"sendStatistics(String,int)","TrackingUtil.sendEvent(Category.COUNTER_STATISTICS, ""Statistics"", label, (long) getSharedPreferenceInt(preferenceId, 0))",,,,,,